{
    "name": "root",
    "gauges": {
        "FlyToGoal.Policy.Entropy.mean": {
            "value": 0.7727935910224915,
            "min": 0.7727935910224915,
            "max": 1.4231456518173218,
            "count": 180
        },
        "FlyToGoal.Policy.Entropy.sum": {
            "value": 18979.810546875,
            "min": 18901.17578125,
            "max": 35910.9609375,
            "count": 180
        },
        "FlyToGoal.Step.mean": {
            "value": 4499984.0,
            "min": 24960.0,
            "max": 4499984.0,
            "count": 180
        },
        "FlyToGoal.Step.sum": {
            "value": 4499984.0,
            "min": 24960.0,
            "max": 4499984.0,
            "count": 180
        },
        "FlyToGoal.Policy.ExtrinsicValueEstimate.mean": {
            "value": 1202.1070556640625,
            "min": -2708.662109375,
            "max": 1202.1070556640625,
            "count": 180
        },
        "FlyToGoal.Policy.ExtrinsicValueEstimate.sum": {
            "value": 498874.4375,
            "min": -1124094.75,
            "max": 498874.4375,
            "count": 180
        },
        "FlyToGoal.Environment.EpisodeLength.mean": {
            "value": 479.0,
            "min": 465.48,
            "max": 479.0,
            "count": 180
        },
        "FlyToGoal.Environment.EpisodeLength.sum": {
            "value": 30177.0,
            "min": 22992.0,
            "max": 30656.0,
            "count": 180
        },
        "FlyToGoal.Environment.CumulativeReward.mean": {
            "value": 2948.341366926829,
            "min": -7845.096886952718,
            "max": 3039.280397064832,
            "count": 180
        },
        "FlyToGoal.Environment.CumulativeReward.sum": {
            "value": 141520.3856124878,
            "min": -458766.02447509766,
            "max": 183696.8399810791,
            "count": 180
        },
        "FlyToGoal.Policy.ExtrinsicReward.mean": {
            "value": 2948.341366926829,
            "min": -7845.096886952718,
            "max": 3039.280397064832,
            "count": 180
        },
        "FlyToGoal.Policy.ExtrinsicReward.sum": {
            "value": 141520.3856124878,
            "min": -458766.02447509766,
            "max": 183696.8399810791,
            "count": 180
        },
        "FlyToGoal.Losses.PolicyLoss.mean": {
            "value": 0.02655105896863259,
            "min": 0.01856729767750949,
            "max": 0.028367111736184197,
            "count": 180
        },
        "FlyToGoal.Losses.PolicyLoss.sum": {
            "value": 0.07965317690589777,
            "min": 0.03713459535501898,
            "max": 0.08510133520855259,
            "count": 180
        },
        "FlyToGoal.Losses.ValueLoss.mean": {
            "value": 529.2526312934027,
            "min": 326.6800890604655,
            "max": 61765.642532009544,
            "count": 180
        },
        "FlyToGoal.Losses.ValueLoss.sum": {
            "value": 1587.7578938802083,
            "min": 653.360178120931,
            "max": 185296.92759602863,
            "count": 180
        },
        "FlyToGoal.Policy.LearningRate.mean": {
            "value": 0.00013172625609126663,
            "min": 0.00013172625609126663,
            "max": 0.00029939520020159997,
            "count": 180
        },
        "FlyToGoal.Policy.LearningRate.sum": {
            "value": 0.0003951787682737999,
            "min": 0.0002654425115192,
            "max": 0.0008901696032767999,
            "count": 180
        },
        "FlyToGoal.Policy.Epsilon.mean": {
            "value": 0.1439087333333333,
            "min": 0.1439087333333333,
            "max": 0.19979840000000004,
            "count": 180
        },
        "FlyToGoal.Policy.Epsilon.sum": {
            "value": 0.43172619999999984,
            "min": 0.28848080000000004,
            "max": 0.5967232000000001,
            "count": 180
        },
        "FlyToGoal.Policy.Beta.mean": {
            "value": 0.0022010457933333335,
            "min": 0.0022010457933333335,
            "max": 0.00498994016,
            "count": 180
        },
        "FlyToGoal.Policy.Beta.sum": {
            "value": 0.0066031373800000005,
            "min": 0.00443519192,
            "max": 0.01483648768,
            "count": 180
        },
        "FlyToGoal.IsTraining.mean": {
            "value": 1.0,
            "min": 1.0,
            "max": 1.0,
            "count": 180
        },
        "FlyToGoal.IsTraining.sum": {
            "value": 1.0,
            "min": 1.0,
            "max": 1.0,
            "count": 180
        }
    },
    "metadata": {
        "timer_format_version": "0.1.0",
        "start_time_seconds": "1668980289",
        "python_version": "3.6.5 |Anaconda, Inc.| (default, Mar 29 2018, 13:32:41) [MSC v.1900 64 bit (AMD64)]",
        "command_line_arguments": "D:\\Bojidar\\Software\\Anaconda\\envs\\env\\Scripts\\mlagents-learn config/FlyToGoal2.yaml --run-id=Test2.18 --force",
        "mlagents_version": "0.28.0",
        "mlagents_envs_version": "0.28.0",
        "communication_protocol_version": "1.5.0",
        "pytorch_version": "1.7.1+cu110",
        "numpy_version": "1.19.5",
        "end_time_seconds": "1668985190"
    },
    "total": 4900.698161300001,
    "count": 1,
    "self": 0.00680960000045161,
    "children": {
        "run_training.setup": {
            "total": 0.1377515,
            "count": 1,
            "self": 0.1377515
        },
        "TrainerController.start_learning": {
            "total": 4900.5536002,
            "count": 1,
            "self": 8.499221399879389,
            "children": {
                "TrainerController._reset_env": {
                    "total": 9.9785568,
                    "count": 1,
                    "self": 9.9785568
                },
                "TrainerController.advance": {
                    "total": 4882.073590700121,
                    "count": 282100,
                    "self": 4.301226100018539,
                    "children": {
                        "env_step": {
                            "total": 4877.772364600102,
                            "count": 282100,
                            "self": 3313.551493400193,
                            "children": {
                                "SubprocessEnvManager._take_step": {
                                    "total": 1559.9659048999667,
                                    "count": 282100,
                                    "self": 23.493559999971467,
                                    "children": {
                                        "TorchPolicy.evaluate": {
                                            "total": 1536.4723448999953,
                                            "count": 281771,
                                            "self": 374.8134619999623,
                                            "children": {
                                                "TorchPolicy.sample_actions": {
                                                    "total": 1161.658882900033,
                                                    "count": 281771,
                                                    "self": 1161.658882900033
                                                }
                                            }
                                        }
                                    }
                                },
                                "workers": {
                                    "total": 4.254966299942206,
                                    "count": 282099,
                                    "self": 0.0,
                                    "children": {
                                        "worker_root": {
                                            "total": 4875.200748200079,
                                            "count": 282099,
                                            "is_parallel": true,