{
    "name": "root",
    "gauges": {
        "FlyToGoal.Policy.Entropy.mean": {
            "value": 1.120872974395752,
            "min": 1.120872974395752,
            "max": 1.430724859237671,
            "count": 320
        },
        "FlyToGoal.Policy.Entropy.sum": {
            "value": 27905.25390625,
            "min": 26964.603515625,
            "max": 36744.21484375,
            "count": 320
        },
        "FlyToGoal.Step.mean": {
            "value": 7999942.0,
            "min": 24960.0,
            "max": 7999942.0,
            "count": 320
        },
        "FlyToGoal.Step.sum": {
            "value": 7999942.0,
            "min": 24960.0,
            "max": 7999942.0,
            "count": 320
        },
        "FlyToGoal.Policy.ExtrinsicValueEstimate.mean": {
            "value": 11327.87109375,
            "min": -354.7989501953125,
            "max": 11476.259765625,
            "count": 320
        },
        "FlyToGoal.Policy.ExtrinsicValueEstimate.sum": {
            "value": 4735050.0,
            "min": -147241.5625,
            "max": 4785600.5,
            "count": 320
        },
        "FlyToGoal.Environment.EpisodeLength.mean": {
            "value": 449.96363636363634,
            "min": 419.6393442622951,
            "max": 479.0,
            "count": 320
        },
        "FlyToGoal.Environment.EpisodeLength.sum": {
            "value": 24748.0,
            "min": 22549.0,
            "max": 30656.0,
            "count": 320
        },
        "FlyToGoal.Environment.CumulativeReward.mean": {
            "value": 24277.248804543236,
            "min": -2918.090734541416,
            "max": 27226.099608367345,
            "count": 320
        },
        "FlyToGoal.Environment.CumulativeReward.sum": {
            "value": 1335248.684249878,
            "min": -140068.35525798798,
            "max": 1478754.725982666,
            "count": 320
        },
        "FlyToGoal.Policy.ExtrinsicReward.mean": {
            "value": 24277.248804543236,
            "min": -2918.090734541416,
            "max": 27226.099608367345,
            "count": 320
        },
        "FlyToGoal.Policy.ExtrinsicReward.sum": {
            "value": 1335248.684249878,
            "min": -140068.35525798798,
            "max": 1478754.725982666,
            "count": 320
        },
        "FlyToGoal.Losses.PolicyLoss.mean": {
            "value": 0.02113794444594532,
            "min": 0.01800905759446323,
            "max": 0.03144623593349631,
            "count": 320
        },
        "FlyToGoal.Losses.PolicyLoss.sum": {
            "value": 0.04227588889189064,
            "min": 0.03601811518892646,
            "max": 0.08659709215474626,
            "count": 320
        },
        "FlyToGoal.Losses.ValueLoss.mean": {
            "value": 871335.8031250001,
            "min": 2439.179452607126,
            "max": 1176145.884375,
            "count": 320
        },
        "FlyToGoal.Losses.ValueLoss.sum": {
            "value": 1742671.6062500002,
            "min": 4878.358905214252,
            "max": 2575030.9145833333,
            "count": 320
        },
        "FlyToGoal.Policy.LearningRate.mean": {
            "value": 4.468748510749993e-07,
            "min": 4.468748510749993e-07,
            "max": 0.00029939520020159997,
            "count": 320
        },
        "FlyToGoal.Policy.LearningRate.sum": {
            "value": 8.937497021499986e-07,
            "min": 8.937497021499986e-07,
            "max": 0.0008901696032767999,
            "count": 320
        },
        "FlyToGoal.Policy.Epsilon.mean": {
            "value": 0.10014892499999997,
            "min": 0.10014892499999997,
            "max": 0.19979840000000004,
            "count": 320
        },
        "FlyToGoal.Policy.Epsilon.sum": {
            "value": 0.20029784999999994,
            "min": 0.20029784999999994,
            "max": 0.5967232000000001,
            "count": 320
        },
        "FlyToGoal.Policy.Beta.mean": {
            "value": 1.7431357499999984e-05,
            "min": 1.7431357499999984e-05,
            "max": 0.00498994016,
            "count": 320
        },
        "FlyToGoal.Policy.Beta.sum": {
            "value": 3.486271499999997e-05,
            "min": 3.486271499999997e-05,
            "max": 0.01483648768,
            "count": 320
        },
        "FlyToGoal.IsTraining.mean": {
            "value": 1.0,
            "min": 1.0,
            "max": 1.0,
            "count": 320
        },
        "FlyToGoal.IsTraining.sum": {
            "value": 1.0,
            "min": 1.0,
            "max": 1.0,
            "count": 320
        }
    },
    "metadata": {
        "timer_format_version": "0.1.0",
        "start_time_seconds": "1669980631",
        "python_version": "3.6.5 |Anaconda, Inc.| (default, Mar 29 2018, 13:32:41) [MSC v.1900 64 bit (AMD64)]",
        "command_line_arguments": "D:\\Bojidar\\Software\\Anaconda\\envs\\env\\Scripts\\mlagents-learn config/FlyToGoal2.yaml --run-id=Test2.50 --env=./Builds/Drone navigation RL --time-scale=20 --quality-level=0 --width=640 --height=512",
        "mlagents_version": "0.28.0",
        "mlagents_envs_version": "0.28.0",
        "communication_protocol_version": "1.5.0",
        "pytorch_version": "1.7.1+cu110",
        "numpy_version": "1.19.5",
        "end_time_seconds": "1669994766"
    },
    "total": 14135.5510628,
    "count": 1,
    "self": 1.2063897999996698,
    "children": {
        "run_training.setup": {
            "total": 0.13678659999999998,
            "count": 1,
            "self": 0.13678659999999998
        },
        "TrainerController.start_learning": {
            "total": 14134.2078864,
            "count": 1,
            "self": 16.71630580019155,
            "children": {
                "TrainerController._reset_env": {
                    "total": 7.191948200000001,
                    "count": 1,
                    "self": 7.191948200000001
                },
                "TrainerController.advance": {
                    "total": 14110.036298199808,
                    "count": 515288,
                    "self": 8.467694501268852,
                    "children": {
                        "env_step": {
                            "total": 14101.568603698539,
                            "count": 515288,
                            "self": 7579.853991498779,
                            "children": {
                                "SubprocessEnvManager._take_step": {
                                    "total": 6513.485181899434,
                                    "count": 515288,
                                    "self": 44.94206069879874,
                                    "children": {
                                        "TorchPolicy.evaluate": {
                                            "total": 6468.543121200635,
                                            "count": 500031,
                                            "self": 1742.3641391008314,
                                            "children": {
                                                "TorchPolicy.sample_actions": {
                                                    "total": 4726.178982099804,
                                                    "count": 500031,
                                                    "self": 4726.178982099804
                                                }
                                            }
                                        }
                                    }
                                },
                                "workers": {
                                    "total": 8.229430300326388,
                                    "count": 515288,
                                    "self": 0.0,
                                    "children": {
                                        "worker_root": {
                                            "total": 14107.357750899622,