{
    "name": "root",
    "gauges": {
        "FlyToGoal.Policy.Entropy.mean": {
            "value": 0.9694446921348572,
            "min": 0.9694446921348572,
            "max": 1.017163634300232,
            "count": 46
        },
        "FlyToGoal.Policy.Entropy.sum": {
            "value": 24290.40625,
            "min": 23933.55078125,
            "max": 25935.40234375,
            "count": 46
        },
        "FlyToGoal.Step.mean": {
            "value": 1149938.0,
            "min": 24939.0,
            "max": 1149938.0,
            "count": 46
        },
        "FlyToGoal.Step.sum": {
            "value": 1149938.0,
            "min": 24939.0,
            "max": 1149938.0,
            "count": 46
        },
        "FlyToGoal.Policy.ExtrinsicValueEstimate.mean": {
            "value": 3299.1904296875,
            "min": 3161.587158203125,
            "max": 4109.33740234375,
            "count": 46
        },
        "FlyToGoal.Policy.ExtrinsicValueEstimate.sum": {
            "value": 1382360.75,
            "min": 1322403.375,
            "max": 1717703.0,
            "count": 46
        },
        "FlyToGoal.Environment.EpisodeLength.mean": {
            "value": 412.76666666666665,
            "min": 412.76666666666665,
            "max": 465.462962962963,
            "count": 46
        },
        "FlyToGoal.Environment.EpisodeLength.sum": {
            "value": 24766.0,
            "min": 22326.0,
            "max": 27365.0,
            "count": 46
        },
        "FlyToGoal.Environment.CumulativeReward.mean": {
            "value": 7604.540857410431,
            "min": 6922.311767524144,
            "max": 9665.331384733612,
            "count": 46
        },
        "FlyToGoal.Environment.CumulativeReward.sum": {
            "value": 456272.45144462585,
            "min": 366882.5236787796,
            "max": 531637.8650369644,
            "count": 46
        },
        "FlyToGoal.Policy.ExtrinsicReward.mean": {
            "value": 7604.540857410431,
            "min": 6922.311767524144,
            "max": 9665.331384733612,
            "count": 46
        },
        "FlyToGoal.Policy.ExtrinsicReward.sum": {
            "value": 456272.45144462585,
            "min": 366882.5236787796,
            "max": 531637.8650369644,
            "count": 46
        },
        "FlyToGoal.Losses.PolicyLoss.mean": {
            "value": 0.027399379806593058,
            "min": 0.019451554321373504,
            "max": 0.029934504876534145,
            "count": 46
        },
        "FlyToGoal.Losses.PolicyLoss.sum": {
            "value": 0.054798759613186115,
            "min": 0.03890310864274701,
            "max": 0.08804382992287477,
            "count": 46
        },
        "FlyToGoal.Losses.ValueLoss.mean": {
            "value": 258970.04427083334,
            "min": 163233.86627604166,
            "max": 348530.04140625,
            "count": 46
        },
        "FlyToGoal.Losses.ValueLoss.sum": {
            "value": 517940.0885416667,
            "min": 326467.7325520833,
            "max": 939879.4645833333,
            "count": 46
        },
        "FlyToGoal.Policy.LearningRate.mean": {
            "value": 0.00025738237045588126,
            "min": 0.00025738237045588126,
            "max": 0.0002993996439501187,
            "count": 46
        },
        "FlyToGoal.Policy.LearningRate.sum": {
            "value": 0.0005147647409117625,
            "min": 0.0005147647409117625,
            "max": 0.0008929749398416873,
            "count": 46
        },
        "FlyToGoal.Policy.Epsilon.mean": {
            "value": 0.18579411875000004,
            "min": 0.18579411875000004,
            "max": 0.19979988124999992,
            "count": 46
        },
        "FlyToGoal.Policy.Epsilon.sum": {
            "value": 0.3715882375000001,
            "min": 0.3715882375000001,
            "max": 0.5976583124999999,
            "count": 46
        },
        "FlyToGoal.Policy.Beta.mean": {
            "value": 0.004291126525625001,
            "min": 0.004291126525625001,
            "max": 0.004990014074375001,
            "count": 46
        },
        "FlyToGoal.Policy.Beta.sum": {
            "value": 0.008582253051250002,
            "min": 0.008582253051250002,
            "max": 0.014883149793750002,
            "count": 46
        },
        "FlyToGoal.IsTraining.mean": {
            "value": 1.0,
            "min": 1.0,
            "max": 1.0,
            "count": 46
        },
        "FlyToGoal.IsTraining.sum": {
            "value": 1.0,
            "min": 1.0,
            "max": 1.0,
            "count": 46
        }
    },
    "metadata": {
        "timer_format_version": "0.1.0",
        "start_time_seconds": "1669848197",
        "python_version": "3.6.5 |Anaconda, Inc.| (default, Mar 29 2018, 13:32:41) [MSC v.1900 64 bit (AMD64)]",
        "command_line_arguments": "D:\\Bojidar\\Software\\Anaconda\\envs\\env\\Scripts\\mlagents-learn config/FlyToGoal2.yaml --initialize-from=Test2.43 --run-id=Test2.44",
        "mlagents_version": "0.28.0",
        "mlagents_envs_version": "0.28.0",
        "communication_protocol_version": "1.5.0",
        "pytorch_version": "1.7.1+cu110",
        "numpy_version": "1.19.5",
        "end_time_seconds": "1669851165"
    },
    "total": 2967.7817360999998,
    "count": 1,
    "self": 0.006588699999610981,
    "children": {
        "run_training.setup": {
            "total": 0.1443211,
            "count": 1,
            "self": 0.1443211
        },
        "TrainerController.start_learning": {
            "total": 2967.6308263,
            "count": 1,
            "self": 2.3040003000401157,
            "children": {
                "TrainerController._reset_env": {
                    "total": 15.198360699999999,
                    "count": 1,
                    "self": 15.198360699999999
                },
                "TrainerController.advance": {
                    "total": 2949.9301983999594,
                    "count": 75655,
                    "self": 1.2674030999310162,
                    "children": {
                        "env_step": {
                            "total": 2948.6627953000284,
                            "count": 75655,
                            "self": 1883.2459617000718,
                            "children": {
                                "SubprocessEnvManager._take_step": {
                                    "total": 1064.2376129999475,
                                    "count": 75655,
                                    "self": 6.0658358999673965,
                                    "children": {
                                        "TorchPolicy.evaluate": {
                                            "total": 1058.17177709998,
                                            "count": 73227,
                                            "self": 278.5926084000017,
                                            "children": {
                                                "TorchPolicy.sample_actions": {
                                                    "total": 779.5791686999784,
                                                    "count": 73227,
                                                    "self": 779.5791686999784
                                                }
                                            }
                                        }
                                    }
                                },
                                "workers": {
                                    "total": 1.179220600009165,
                                    "count": 75654,
                                    "self": 0.0,
                                    "children": {
                                        "worker_root": {
                                            "total": 2944.126342100015,
                                            "count": 75654,
                                            "is_parallel": true,