{
    "name": "root",
    "gauges": {
        "FlyToGoal.Policy.Entropy.mean": {
            "value": 1.1644401550292969,
            "min": 1.1644401550292969,
            "max": 1.425166130065918,
            "count": 320
        },
        "FlyToGoal.Policy.Entropy.sum": {
            "value": 28859.484375,
            "min": 27911.15234375,
            "max": 36292.7734375,
            "count": 320
        },
        "FlyToGoal.Step.mean": {
            "value": 7999975.0,
            "min": 24960.0,
            "max": 7999975.0,
            "count": 320
        },
        "FlyToGoal.Step.sum": {
            "value": 7999975.0,
            "min": 24960.0,
            "max": 7999975.0,
            "count": 320
        },
        "FlyToGoal.Policy.ExtrinsicValueEstimate.mean": {
            "value": 13167.376953125,
            "min": -320.94622802734375,
            "max": 13173.4990234375,
            "count": 320
        },
        "FlyToGoal.Policy.ExtrinsicValueEstimate.sum": {
            "value": 5490796.0,
            "min": -133192.6875,
            "max": 5506522.5,
            "count": 320
        },
        "FlyToGoal.Environment.EpisodeLength.mean": {
            "value": 472.9622641509434,
            "min": 392.241935483871,
            "max": 479.0,
            "count": 320
        },
        "FlyToGoal.Environment.EpisodeLength.sum": {
            "value": 25067.0,
            "min": 22818.0,
            "max": 30656.0,
            "count": 320
        },
        "FlyToGoal.Environment.CumulativeReward.mean": {
            "value": 31869.482104031544,
            "min": -2628.631444056829,
            "max": 32717.052541879508,
            "count": 320
        },
        "FlyToGoal.Environment.CumulativeReward.sum": {
            "value": 1689082.5515136719,
            "min": -126174.30931472778,
            "max": 1778118.0775604248,
            "count": 320
        },
        "FlyToGoal.Policy.ExtrinsicReward.mean": {
            "value": 31869.482104031544,
            "min": -2628.631444056829,
            "max": 32717.052541879508,
            "count": 320
        },
        "FlyToGoal.Policy.ExtrinsicReward.sum": {
            "value": 1689082.5515136719,
            "min": -126174.30931472778,
            "max": 1778118.0775604248,
            "count": 320
        },
        "FlyToGoal.Losses.PolicyLoss.mean": {
            "value": 0.024071742710657415,
            "min": 0.016637402540072798,
            "max": 0.028993663766110934,
            "count": 320
        },
        "FlyToGoal.Losses.PolicyLoss.sum": {
            "value": 0.04814348542131483,
            "min": 0.033274805080145596,
            "max": 0.08662367917907735,
            "count": 320
        },
        "FlyToGoal.Losses.ValueLoss.mean": {
            "value": 576804.8401041667,
            "min": 2814.4293031634706,
            "max": 849244.0276041667,
            "count": 320
        },
        "FlyToGoal.Losses.ValueLoss.sum": {
            "value": 1153609.6802083333,
            "min": 5628.858606326941,
            "max": 2440111.5989583335,
            "count": 320
        },
        "FlyToGoal.Policy.LearningRate.mean": {
            "value": 4.2103735968750146e-07,
            "min": 4.2103735968750146e-07,
            "max": 0.00029939520020159997,
            "count": 320
        },
        "FlyToGoal.Policy.LearningRate.sum": {
            "value": 8.420747193750029e-07,
            "min": 8.420747193750029e-07,
            "max": 0.0008901696032767999,
            "count": 320
        },
        "FlyToGoal.Policy.Epsilon.mean": {
            "value": 0.10014031250000001,
            "min": 0.10014031250000001,
            "max": 0.19979840000000004,
            "count": 320
        },
        "FlyToGoal.Policy.Epsilon.sum": {
            "value": 0.20028062500000002,
            "min": 0.20028062500000002,
            "max": 0.5967232000000001,
            "count": 320
        },
        "FlyToGoal.Policy.Beta.mean": {
            "value": 1.7001593750000032e-05,
            "min": 1.7001593750000032e-05,
            "max": 0.00498994016,
            "count": 320
        },
        "FlyToGoal.Policy.Beta.sum": {
            "value": 3.4003187500000063e-05,
            "min": 3.4003187500000063e-05,
            "max": 0.01483648768,
            "count": 320
        },
        "FlyToGoal.IsTraining.mean": {
            "value": 1.0,
            "min": 1.0,
            "max": 1.0,
            "count": 320
        },
        "FlyToGoal.IsTraining.sum": {
            "value": 1.0,
            "min": 1.0,
            "max": 1.0,
            "count": 320
        }
    },
    "metadata": {
        "timer_format_version": "0.1.0",
        "start_time_seconds": "1669107365",
        "python_version": "3.6.5 |Anaconda, Inc.| (default, Mar 29 2018, 13:32:41) [MSC v.1900 64 bit (AMD64)]",
        "command_line_arguments": "D:\\Bojidar\\Software\\Anaconda\\envs\\env\\Scripts\\mlagents-learn config/FlyToGoal2.yaml --run-id=Test2.23",
        "mlagents_version": "0.28.0",
        "mlagents_envs_version": "0.28.0",
        "communication_protocol_version": "1.5.0",
        "pytorch_version": "1.7.1+cu110",
        "numpy_version": "1.19.5",
        "end_time_seconds": "1669116071"
    },
    "total": 8705.8366428,
    "count": 1,
    "self": 0.026127200000701123,
    "children": {
        "run_training.setup": {
            "total": 0.40585489999999996,
            "count": 1,
            "self": 0.40585489999999996
        },
        "TrainerController.start_learning": {
            "total": 8705.4046607,
            "count": 1,
            "self": 15.525473499963482,
            "children": {
                "TrainerController._reset_env": {
                    "total": 18.016749,
                    "count": 1,
                    "self": 18.016749
                },
                "TrainerController.advance": {
                    "total": 8671.759806800037,
                    "count": 515692,
                    "self": 7.942739500034804,
                    "children": {
                        "env_step": {
                            "total": 8663.817067300002,
                            "count": 515692,
                            "self": 5842.381244200074,
                            "children": {
                                "SubprocessEnvManager._take_step": {
                                    "total": 2813.7012519002797,
                                    "count": 515692,
                                    "self": 41.70370580038616,
                                    "children": {
                                        "TorchPolicy.evaluate": {
                                            "total": 2771.9975460998935,
                                            "count": 500028,
                                            "self": 662.9880566999905,
                                            "children": {
                                                "TorchPolicy.sample_actions": {
                                                    "total": 2109.009489399903,
                                                    "count": 500028,
                                                    "self": 2109.009489399903
                                                }
                                            }
                                        }
                                    }
                                },
                                "workers": {
                                    "total": 7.7345711996481725,
                                    "count": 515692,
                                    "self": 0.0,
                                    "children": {
                                        "worker_root": {
                                            "total": 8677.598702599897,
                                            "count": 515692,
                                            "is_parallel": true,