{
    "name": "root",
    "gauges": {
        "FlyToGoal.Policy.Entropy.mean": {
            "value": 1.348975658416748,
            "min": 1.3485163450241089,
            "max": 1.4448065757751465,
            "count": 80
        },
        "FlyToGoal.Policy.Entropy.sum": {
            "value": 33654.24609375,
            "min": 33646.2890625,
            "max": 36329.296875,
            "count": 80
        },
        "FlyToGoal.Step.mean": {
            "value": 1999989.0,
            "min": 24992.0,
            "max": 1999989.0,
            "count": 80
        },
        "FlyToGoal.Step.sum": {
            "value": 1999989.0,
            "min": 24992.0,
            "max": 1999989.0,
            "count": 80
        },
        "FlyToGoal.Policy.ExtrinsicValueEstimate.mean": {
            "value": 921.222412109375,
            "min": -294.9091491699219,
            "max": 921.222412109375,
            "count": 80
        },
        "FlyToGoal.Policy.ExtrinsicValueEstimate.sum": {
            "value": 384149.75,
            "min": -122977.109375,
            "max": 384149.75,
            "count": 80
        },
        "FlyToGoal.Environment.EpisodeLength.mean": {
            "value": 479.0,
            "min": 443.61224489795916,
            "max": 479.0,
            "count": 80
        },
        "FlyToGoal.Environment.EpisodeLength.sum": {
            "value": 25387.0,
            "min": 21555.0,
            "max": 25866.0,
            "count": 80
        },
        "FlyToGoal.Environment.CumulativeReward.mean": {
            "value": 2432.486115383652,
            "min": -2503.405739423964,
            "max": 2432.486115383652,
            "count": 80
        },
        "FlyToGoal.Environment.CumulativeReward.sum": {
            "value": 128921.76411533356,
            "min": -112653.25827407837,
            "max": 128921.76411533356,
            "count": 80
        },
        "FlyToGoal.Policy.ExtrinsicReward.mean": {
            "value": 2432.486115383652,
            "min": -2503.405739423964,
            "max": 2432.486115383652,
            "count": 80
        },
        "FlyToGoal.Policy.ExtrinsicReward.sum": {
            "value": 128921.76411533356,
            "min": -112653.25827407837,
            "max": 128921.76411533356,
            "count": 80
        },
        "FlyToGoal.Losses.PolicyLoss.mean": {
            "value": 0.024933933559805155,
            "min": 0.017567482474260033,
            "max": 0.029243362702739736,
            "count": 80
        },
        "FlyToGoal.Losses.PolicyLoss.sum": {
            "value": 0.04986786711961031,
            "min": 0.035134964948520066,
            "max": 0.08509466016354661,
            "count": 80
        },
        "FlyToGoal.Losses.ValueLoss.mean": {
            "value": 4183.956433105469,
            "min": 1493.425230577257,
            "max": 276361.9379231771,
            "count": 80
        },
        "FlyToGoal.Losses.ValueLoss.sum": {
            "value": 8367.912866210938,
            "min": 3089.2737548828127,
            "max": 552723.8758463542,
            "count": 80
        },
        "FlyToGoal.Policy.LearningRate.mean": {
            "value": 0.0002255554373148625,
            "min": 0.0002255554373148625,
            "max": 0.0002994168001944,
            "count": 80
        },
        "FlyToGoal.Policy.LearningRate.sum": {
            "value": 0.000451110874629725,
            "min": 0.000451110874629725,
            "max": 0.0008929368023543997,
            "count": 80
        },
        "FlyToGoal.Policy.Epsilon.mean": {
            "value": 0.17518513750000003,
            "min": 0.17518513750000003,
            "max": 0.19980559999999997,
            "count": 80
        },
        "FlyToGoal.Policy.Epsilon.sum": {
            "value": 0.35037027500000006,
            "min": 0.35037027500000006,
            "max": 0.5976456000000001,
            "count": 80
        },
        "FlyToGoal.Policy.Beta.mean": {
            "value": 0.003761738361250001,
            "min": 0.003761738361250001,
            "max": 0.00499029944,
            "count": 80
        },
        "FlyToGoal.Policy.Beta.sum": {
            "value": 0.007523476722500002,
            "min": 0.007523476722500002,
            "max": 0.01488251544,
            "count": 80
        },
        "FlyToGoal.IsTraining.mean": {
            "value": 1.0,
            "min": 1.0,
            "max": 1.0,
            "count": 80
        },
        "FlyToGoal.IsTraining.sum": {
            "value": 1.0,
            "min": 1.0,
            "max": 1.0,
            "count": 80
        }
    },
    "metadata": {
        "timer_format_version": "0.1.0",
        "start_time_seconds": "1669383302",
        "python_version": "3.6.5 |Anaconda, Inc.| (default, Mar 29 2018, 13:32:41) [MSC v.1900 64 bit (AMD64)]",
        "command_line_arguments": "D:\\Bojidar\\Software\\Anaconda\\envs\\env\\Scripts\\mlagents-learn config/FlyToGoal2.yaml --run-id=Test2.30 --force",
        "mlagents_version": "0.28.0",
        "mlagents_envs_version": "0.28.0",
        "communication_protocol_version": "1.5.0",
        "pytorch_version": "1.7.1+cu110",
        "numpy_version": "1.19.5",
        "end_time_seconds": "1669391321"
    },
    "total": 8019.6873284,
    "count": 1,
    "self": 10.058143400000517,
    "children": {
        "run_training.setup": {
            "total": 0.1560462,
            "count": 1,
            "self": 0.1560462
        },
        "TrainerController.start_learning": {
            "total": 8009.4731388,
            "count": 1,
            "self": 6.763238199952866,
            "children": {
                "TrainerController._reset_env": {
                    "total": 12.2408092,
                    "count": 1,
                    "self": 12.2408092
                },
                "TrainerController.advance": {
                    "total": 7990.065216600047,
                    "count": 226064,
                    "self": 3.6210258001337934,
                    "children": {
                        "env_step": {
                            "total": 7986.4441907999135,
                            "count": 226064,
                            "self": 5100.3230889997585,
                            "children": {
                                "SubprocessEnvManager._take_step": {
                                    "total": 2882.7001222001236,
                                    "count": 226064,
                                    "self": 18.319418800107087,
                                    "children": {
                                        "TorchPolicy.evaluate": {
                                            "total": 2864.3807034000165,
                                            "count": 222581,
                                            "self": 853.0181817999915,
                                            "children": {
                                                "TorchPolicy.sample_actions": {
                                                    "total": 2011.362521600025,
                                                    "count": 222581,
                                                    "self": 2011.362521600025
                                                }
                                            }
                                        }
                                    }
                                },
                                "workers": {
                                    "total": 3.4209796000312576,
                                    "count": 226063,
                                    "self": 0.0,
                                    "children": {
                                        "worker_root": {
                                            "total": 7984.1014684997135,
                                            "count": 226063,
                                            "is_parallel": true,
                                            "self": 3388.447775199582,