{
    "name": "root",
    "gauges": {
        "FlyToGoal.Policy.Entropy.mean": {
            "value": 1.3228155374526978,
            "min": 1.321779489517212,
            "max": 1.4262398481369019,
            "count": 40
        },
        "FlyToGoal.Policy.Entropy.sum": {
            "value": 33049.22265625,
            "min": 32963.859375,
            "max": 36045.6953125,
            "count": 40
        },
        "FlyToGoal.Step.mean": {
            "value": 999993.0,
            "min": 24992.0,
            "max": 999993.0,
            "count": 40
        },
        "FlyToGoal.Step.sum": {
            "value": 999993.0,
            "min": 24992.0,
            "max": 999993.0,
            "count": 40
        },
        "FlyToGoal.Policy.ExtrinsicValueEstimate.mean": {
            "value": 1040.5982666015625,
            "min": -375.4408874511719,
            "max": 1040.5982666015625,
            "count": 40
        },
        "FlyToGoal.Policy.ExtrinsicValueEstimate.sum": {
            "value": 469309.8125,
            "min": -156934.296875,
            "max": 469309.8125,
            "count": 40
        },
        "FlyToGoal.Environment.EpisodeLength.mean": {
            "value": 246.68316831683168,
            "min": 141.11176470588236,
            "max": 479.0,
            "count": 40
        },
        "FlyToGoal.Environment.EpisodeLength.sum": {
            "value": 24915.0,
            "min": 21555.0,
            "max": 26643.0,
            "count": 40
        },
        "FlyToGoal.Environment.CumulativeReward.mean": {
            "value": 2278.509433295727,
            "min": -88998.78679347865,
            "max": 2278.509433295727,
            "count": 40
        },
        "FlyToGoal.Environment.CumulativeReward.sum": {
            "value": 227850.94332957268,
            "min": -8988877.466141343,
            "max": 227850.94332957268,
            "count": 40
        },
        "FlyToGoal.Policy.ExtrinsicReward.mean": {
            "value": 2278.509433295727,
            "min": -88998.78679347865,
            "max": 2278.509433295727,
            "count": 40
        },
        "FlyToGoal.Policy.ExtrinsicReward.sum": {
            "value": 227850.94332957268,
            "min": -8988877.466141343,
            "max": 227850.94332957268,
            "count": 40
        },
        "FlyToGoal.Losses.PolicyLoss.mean": {
            "value": 0.025145743864898883,
            "min": 0.020941416713564347,
            "max": 0.030643878054494658,
            "count": 40
        },
        "FlyToGoal.Losses.PolicyLoss.sum": {
            "value": 0.07543723159469665,
            "min": 0.041882833427128695,
            "max": 0.07918562717580546,
            "count": 40
        },
        "FlyToGoal.Losses.ValueLoss.mean": {
            "value": 21564.81140407986,
            "min": 877.6450744628906,
            "max": 2856424135.935322,
            "count": 40
        },
        "FlyToGoal.Losses.ValueLoss.sum": {
            "value": 64694.43421223958,
            "min": 1755.2901489257813,
            "max": 8569272407.805965,
            "count": 40
        },
        "FlyToGoal.Policy.LearningRate.mean": {
            "value": 0.00027039420986859996,
            "min": 0.00027039420986859996,
            "max": 0.00029953344015552,
            "count": 40
        },
        "FlyToGoal.Policy.LearningRate.sum": {
            "value": 0.0008111826296057999,
            "min": 0.00054232804922399,
            "max": 0.0008944049418650199,
            "count": 40
        },
        "FlyToGoal.Policy.Epsilon.mean": {
            "value": 0.19013140000000003,
            "min": 0.19013140000000003,
            "max": 0.19984448,
            "count": 40
        },
        "FlyToGoal.Policy.Epsilon.sum": {
            "value": 0.5703942000000001,
            "min": 0.38077601,
            "max": 0.59813498,
            "count": 40
        },
        "FlyToGoal.Policy.Beta.mean": {
            "value": 0.00450755686,
            "min": 0.00450755686,
            "max": 0.004992239551999999,
            "count": 40
        },
        "FlyToGoal.Policy.Beta.sum": {
            "value": 0.01352267058,
            "min": 0.009040722898999999,
            "max": 0.014906935501999997,
            "count": 40
        },
        "FlyToGoal.IsTraining.mean": {
            "value": 1.0,
            "min": 1.0,
            "max": 1.0,
            "count": 40
        },
        "FlyToGoal.IsTraining.sum": {
            "value": 1.0,
            "min": 1.0,
            "max": 1.0,
            "count": 40
        }
    },
    "metadata": {
        "timer_format_version": "0.1.0",
        "start_time_seconds": "1668936248",
        "python_version": "3.6.5 |Anaconda, Inc.| (default, Mar 29 2018, 13:32:41) [MSC v.1900 64 bit (AMD64)]",
        "command_line_arguments": "D:\\Bojidar\\Software\\Anaconda\\envs\\env\\Scripts\\mlagents-learn config/FlyToGoal2.yaml --run-id=Test2.13",
        "mlagents_version": "0.28.0",
        "mlagents_envs_version": "0.28.0",
        "communication_protocol_version": "1.5.0",
        "pytorch_version": "1.7.1+cu110",
        "numpy_version": "1.19.5",
        "end_time_seconds": "1668937896"
    },
    "total": 1647.1614379999999,
    "count": 1,
    "self": 0.009323499999936757,
    "children": {
        "run_training.setup": {
            "total": 0.195413,
            "count": 1,
            "self": 0.195413
        },
        "TrainerController.start_learning": {
            "total": 1646.9567015,
            "count": 1,
            "self": 3.38575419999529,
            "children": {
                "TrainerController._reset_env": {
                    "total": 25.622341,
                    "count": 1,
                    "self": 25.622341
                },
                "TrainerController.advance": {
                    "total": 1617.8482803000047,
                    "count": 115336,
                    "self": 1.7582953000066937,
                    "children": {
                        "env_step": {
                            "total": 1616.089984999998,
                            "count": 115336,
                            "self": 1147.5343092999972,
                            "children": {
                                "SubprocessEnvManager._take_step": {
                                    "total": 466.8662217000053,
                                    "count": 115336,
                                    "self": 8.71572930000957,
                                    "children": {
                                        "TorchPolicy.evaluate": {
                                            "total": 458.15049239999576,
                                            "count": 111614,
                                            "self": 127.88959609998187,
                                            "children": {
                                                "TorchPolicy.sample_actions": {
                                                    "total": 330.2608963000139,
                                                    "count": 111614,
                                                    "self": 330.2608963000139
                                                }
                                            }
                                        }
                                    }
                                },
                                "workers": {
                                    "total": 1.6894539999955072,
                                    "count": 115335,
                                    "self": 0.0,
                                    "children": {
                                        "worker_root": {
                                            "total": 1610.2965358000304,
                                            "count": 115335,
                                            "is_parallel": true,
                                            "self": 662.6528977000082,