{
    "name": "root",
    "gauges": {
        "FlyToGoal.Policy.Entropy.mean": {
            "value": 1.167912244796753,
            "min": 1.1670843362808228,
            "max": 1.430124282836914,
            "count": 165
        },
        "FlyToGoal.Policy.Entropy.sum": {
            "value": 28366.251953125,
            "min": 27930.66796875,
            "max": 36308.3046875,
            "count": 165
        },
        "FlyToGoal.Step.mean": {
            "value": 4124988.0,
            "min": 24960.0,
            "max": 4124988.0,
            "count": 165
        },
        "FlyToGoal.Step.sum": {
            "value": 4124988.0,
            "min": 24960.0,
            "max": 4124988.0,
            "count": 165
        },
        "FlyToGoal.Policy.ExtrinsicValueEstimate.mean": {
            "value": 1986.3597412109375,
            "min": -341.33349609375,
            "max": 2096.372802734375,
            "count": 165
        },
        "FlyToGoal.Policy.ExtrinsicValueEstimate.sum": {
            "value": 832284.75,
            "min": -141810.59375,
            "max": 882573.0,
            "count": 165
        },
        "FlyToGoal.Environment.EpisodeLength.mean": {
            "value": 479.0,
            "min": 446.0566037735849,
            "max": 479.0,
            "count": 165
        },
        "FlyToGoal.Environment.EpisodeLength.sum": {
            "value": 23471.0,
            "min": 22945.0,
            "max": 30656.0,
            "count": 165
        },
        "FlyToGoal.Environment.CumulativeReward.mean": {
            "value": 4877.267531344765,
            "min": -2977.9095669587455,
            "max": 5120.40209757487,
            "count": 165
        },
        "FlyToGoal.Environment.CumulativeReward.sum": {
            "value": 278004.2492866516,
            "min": -142939.65921401978,
            "max": 307224.1258544922,
            "count": 165
        },
        "FlyToGoal.Policy.ExtrinsicReward.mean": {
            "value": 4877.267531344765,
            "min": -2977.9095669587455,
            "max": 5120.40209757487,
            "count": 165
        },
        "FlyToGoal.Policy.ExtrinsicReward.sum": {
            "value": 278004.2492866516,
            "min": -142939.65921401978,
            "max": 307224.1258544922,
            "count": 165
        },
        "FlyToGoal.Losses.PolicyLoss.mean": {
            "value": 0.020190864141720034,
            "min": 0.017417574984331927,
            "max": 0.03285147703718394,
            "count": 165
        },
        "FlyToGoal.Losses.PolicyLoss.sum": {
            "value": 0.04038172828344007,
            "min": 0.03483514996866385,
            "max": 0.08208030005916953,
            "count": 165
        },
        "FlyToGoal.Losses.ValueLoss.mean": {
            "value": 5385.061041259765,
            "min": 383.9723487006293,
            "max": 103644.36979573568,
            "count": 165
        },
        "FlyToGoal.Losses.ValueLoss.sum": {
            "value": 10770.12208251953,
            "min": 834.3543029785155,
            "max": 261657.3712890625,
            "count": 165
        },
        "FlyToGoal.Policy.LearningRate.mean": {
            "value": 0.00014567960144014997,
            "min": 0.00014567960144014997,
            "max": 0.00029939520020159997,
            "count": 165
        },
        "FlyToGoal.Policy.LearningRate.sum": {
            "value": 0.00029135920288029995,
            "min": 0.00029135920288029995,
            "max": 0.0008901696032767999,
            "count": 165
        },
        "FlyToGoal.Policy.Epsilon.mean": {
            "value": 0.14855985000000005,
            "min": 0.14855985000000005,
            "max": 0.19979840000000004,
            "count": 165
        },
        "FlyToGoal.Policy.Epsilon.sum": {
            "value": 0.2971197000000001,
            "min": 0.2971197000000001,
            "max": 0.5967232000000001,
            "count": 165
        },
        "FlyToGoal.Policy.Beta.mean": {
            "value": 0.002433136515000001,
            "min": 0.002433136515000001,
            "max": 0.00498994016,
            "count": 165
        },
        "FlyToGoal.Policy.Beta.sum": {
            "value": 0.004866273030000002,
            "min": 0.004866273030000002,
            "max": 0.01483648768,
            "count": 165
        },
        "FlyToGoal.IsTraining.mean": {
            "value": 1.0,
            "min": 1.0,
            "max": 1.0,
            "count": 165
        },
        "FlyToGoal.IsTraining.sum": {
            "value": 1.0,
            "min": 1.0,
            "max": 1.0,
            "count": 165
        }
    },
    "metadata": {
        "timer_format_version": "0.1.0",
        "start_time_seconds": "1669915544",
        "python_version": "3.6.5 |Anaconda, Inc.| (default, Mar 29 2018, 13:32:41) [MSC v.1900 64 bit (AMD64)]",
        "command_line_arguments": "D:\\Bojidar\\Software\\Anaconda\\envs\\env\\Scripts\\mlagents-learn config/FlyToGoal2.yaml --run-id=Test2.48 --env=./Builds/Drone navigation RL --time-scale=20 --quality-level=0 --width=640 --height=512",
        "mlagents_version": "0.28.0",
        "mlagents_envs_version": "0.28.0",
        "communication_protocol_version": "1.5.0",
        "pytorch_version": "1.7.1+cu110",
        "numpy_version": "1.19.5",
        "end_time_seconds": "1669922505"
    },
    "total": 6961.248952,
    "count": 1,
    "self": 1.091267699999662,
    "children": {
        "run_training.setup": {
            "total": 0.1561502,
            "count": 1,
            "self": 0.1561502
        },
        "TrainerController.start_learning": {
            "total": 6960.0015341,
            "count": 1,
            "self": 7.974324599892498,
            "children": {
                "TrainerController._reset_env": {
                    "total": 7.5992096,
                    "count": 1,
                    "self": 7.5992096
                },
                "TrainerController.advance": {
                    "total": 6944.250667800108,
                    "count": 261646,
                    "self": 4.40312460023506,
                    "children": {
                        "env_step": {
                            "total": 6939.847543199873,
                            "count": 261646,
                            "self": 3776.7596552007185,
                            "children": {
                                "SubprocessEnvManager._take_step": {
                                    "total": 3159.102015899549,
                                    "count": 261646,
                                    "self": 22.542168399725597,
                                    "children": {
                                        "TorchPolicy.evaluate": {
                                            "total": 3136.5598474998233,
                                            "count": 258641,
                                            "self": 809.175447099673,
                                            "children": {
                                                "TorchPolicy.sample_actions": {
                                                    "total": 2327.3844004001503,
                                                    "count": 258641,
                                                    "self": 2327.3844004001503
                                                }
                                            }
                                        }
                                    }
                                },
                                "workers": {
                                    "total": 3.985872099605963,
                                    "count": 261645,
                                    "self": 0.0,
                                    "children": {
                                        "worker_root": {
                                            "total": 6943.716724399928,
                                            "count": 261645,