{
    "name": "root",
    "gauges": {
        "FlyToGoal.Policy.Entropy.mean": {
            "value": 0.9726930260658264,
            "min": 0.9726930260658264,
            "max": 1.4277673959732056,
            "count": 320
        },
        "FlyToGoal.Policy.Entropy.sum": {
            "value": 24387.359375,
            "min": 23733.802734375,
            "max": 36596.87890625,
            "count": 320
        },
        "FlyToGoal.Step.mean": {
            "value": 7999949.0,
            "min": 24960.0,
            "max": 7999949.0,
            "count": 320
        },
        "FlyToGoal.Step.sum": {
            "value": 7999949.0,
            "min": 24960.0,
            "max": 7999949.0,
            "count": 320
        },
        "FlyToGoal.Policy.ExtrinsicValueEstimate.mean": {
            "value": 13769.296875,
            "min": -255.56797790527344,
            "max": 13831.3193359375,
            "count": 320
        },
        "FlyToGoal.Policy.ExtrinsicValueEstimate.sum": {
            "value": 5741797.0,
            "min": -106827.4140625,
            "max": 5809154.0,
            "count": 320
        },
        "FlyToGoal.Environment.EpisodeLength.mean": {
            "value": 471.64150943396226,
            "min": 433.46153846153845,
            "max": 479.0,
            "count": 320
        },
        "FlyToGoal.Environment.EpisodeLength.sum": {
            "value": 24997.0,
            "min": 22540.0,
            "max": 30656.0,
            "count": 320
        },
        "FlyToGoal.Environment.CumulativeReward.mean": {
            "value": 32923.48615228905,
            "min": -2534.2865020831428,
            "max": 33667.221142515846,
            "count": 320
        },
        "FlyToGoal.Environment.CumulativeReward.sum": {
            "value": 1744944.7660713196,
            "min": -121645.75209999084,
            "max": 1835314.669128418,
            "count": 320
        },
        "FlyToGoal.Policy.ExtrinsicReward.mean": {
            "value": 32923.48615228905,
            "min": -2534.2865020831428,
            "max": 33667.221142515846,
            "count": 320
        },
        "FlyToGoal.Policy.ExtrinsicReward.sum": {
            "value": 1744944.7660713196,
            "min": -121645.75209999084,
            "max": 1835314.669128418,
            "count": 320
        },
        "FlyToGoal.Losses.PolicyLoss.mean": {
            "value": 0.02795278000024458,
            "min": 0.01697421258625885,
            "max": 0.03005192213070889,
            "count": 320
        },
        "FlyToGoal.Losses.PolicyLoss.sum": {
            "value": 0.05590556000048916,
            "min": 0.0339484251725177,
            "max": 0.08579428220788637,
            "count": 320
        },
        "FlyToGoal.Losses.ValueLoss.mean": {
            "value": 508121.0833333333,
            "min": 2471.2312855113637,
            "max": 783224.3618055555,
            "count": 320
        },
        "FlyToGoal.Losses.ValueLoss.sum": {
            "value": 1016242.1666666666,
            "min": 4942.462571022727,
            "max": 2349673.0854166667,
            "count": 320
        },
        "FlyToGoal.Policy.LearningRate.mean": {
            "value": 5.496998168000001e-07,
            "min": 5.496998168000001e-07,
            "max": 0.00029939520020159997,
            "count": 320
        },
        "FlyToGoal.Policy.LearningRate.sum": {
            "value": 1.0993996336000003e-06,
            "min": 1.0993996336000003e-06,
            "max": 0.0008901696032767999,
            "count": 320
        },
        "FlyToGoal.Policy.Epsilon.mean": {
            "value": 0.10018320000000001,
            "min": 0.10018320000000001,
            "max": 0.19979840000000004,
            "count": 320
        },
        "FlyToGoal.Policy.Epsilon.sum": {
            "value": 0.20036640000000003,
            "min": 0.20036640000000003,
            "max": 0.5967232000000001,
            "count": 320
        },
        "FlyToGoal.Policy.Beta.mean": {
            "value": 1.914168e-05,
            "min": 1.914168e-05,
            "max": 0.00498994016,
            "count": 320
        },
        "FlyToGoal.Policy.Beta.sum": {
            "value": 3.828336e-05,
            "min": 3.828336e-05,
            "max": 0.01483648768,
            "count": 320
        },
        "FlyToGoal.IsTraining.mean": {
            "value": 1.0,
            "min": 1.0,
            "max": 1.0,
            "count": 320
        },
        "FlyToGoal.IsTraining.sum": {
            "value": 1.0,
            "min": 1.0,
            "max": 1.0,
            "count": 320
        }
    },
    "metadata": {
        "timer_format_version": "0.1.0",
        "start_time_seconds": "1669235455",
        "python_version": "3.6.5 |Anaconda, Inc.| (default, Mar 29 2018, 13:32:41) [MSC v.1900 64 bit (AMD64)]",
        "command_line_arguments": "D:\\Bojidar\\Software\\Anaconda\\envs\\env\\Scripts\\mlagents-learn config/FlyToGoal2.yaml --run-id=Test2.26",
        "mlagents_version": "0.28.0",
        "mlagents_envs_version": "0.28.0",
        "communication_protocol_version": "1.5.0",
        "pytorch_version": "1.7.1+cu110",
        "numpy_version": "1.19.5",
        "end_time_seconds": "1669244113"
    },
    "total": 8659.4667474,
    "count": 1,
    "self": 0.07069969999975001,
    "children": {
        "run_training.setup": {
            "total": 0.2024184,
            "count": 1,
            "self": 0.2024184
        },
        "TrainerController.start_learning": {
            "total": 8659.1936293,
            "count": 1,
            "self": 15.516846099942995,
            "children": {
                "TrainerController._reset_env": {
                    "total": 18.015827400000003,
                    "count": 1,
                    "self": 18.015827400000003
                },
                "TrainerController.advance": {
                    "total": 8625.529741600056,
                    "count": 515142,
                    "self": 7.803399700000227,
                    "children": {
                        "env_step": {
                            "total": 8617.726341900056,
                            "count": 515142,
                            "self": 5870.186340000631,
                            "children": {
                                "SubprocessEnvManager._take_step": {
                                    "total": 2739.81602329981,
                                    "count": 515142,
                                    "self": 40.208717999600594,
                                    "children": {
                                        "TorchPolicy.evaluate": {
                                            "total": 2699.607305300209,
                                            "count": 500034,
                                            "self": 664.08492610026,
                                            "children": {
                                                "TorchPolicy.sample_actions": {
                                                    "total": 2035.5223791999492,
                                                    "count": 500034,
                                                    "self": 2035.5223791999492
                                                }
                                            }
                                        }
                                    }
                                },
                                "workers": {
                                    "total": 7.723978599613837,
                                    "count": 515142,
                                    "self": 0.0,
                                    "children": {
                                        "worker_root": {
                                            "total": 8630.374065199374,
                                            "count": 515142,
                                            "is_parallel": true,