{
    "name": "root",
    "gauges": {
        "FlyToGoal.Policy.Entropy.mean": {
            "value": 1.0648223161697388,
            "min": 1.0648223161697388,
            "max": 1.4186313152313232,
            "count": 110
        },
        "FlyToGoal.Policy.Entropy.sum": {
            "value": 26220.18359375,
            "min": 25872.77734375,
            "max": 35772.20703125,
            "count": 110
        },
        "FlyToGoal.Step.mean": {
            "value": 2749952.0,
            "min": 24960.0,
            "max": 2749952.0,
            "count": 110
        },
        "FlyToGoal.Step.sum": {
            "value": 2749952.0,
            "min": 24960.0,
            "max": 2749952.0,
            "count": 110
        },
        "FlyToGoal.Policy.ExtrinsicValueEstimate.mean": {
            "value": -250.65017700195312,
            "min": -443.57159423828125,
            "max": -13.497686386108398,
            "count": 110
        },
        "FlyToGoal.Policy.ExtrinsicValueEstimate.sum": {
            "value": -105774.375,
            "min": -187187.21875,
            "max": -5588.0419921875,
            "count": 110
        },
        "FlyToGoal.Environment.EpisodeLength.mean": {
            "value": 479.0,
            "min": 479.0,
            "max": 479.0,
            "count": 110
        },
        "FlyToGoal.Environment.EpisodeLength.sum": {
            "value": 30656.0,
            "min": 22992.0,
            "max": 30656.0,
            "count": 110
        },
        "FlyToGoal.Environment.CumulativeReward.mean": {
            "value": -618.4766017794609,
            "min": -2847.829161167145,
            "max": -612.3929317792257,
            "count": 110
        },
        "FlyToGoal.Environment.CumulativeReward.sum": {
            "value": -39582.5025138855,
            "min": -141208.41928863525,
            "max": -29394.860725402832,
            "count": 110
        },
        "FlyToGoal.Policy.ExtrinsicReward.mean": {
            "value": -618.4766017794609,
            "min": -2847.829161167145,
            "max": -612.3929317792257,
            "count": 110
        },
        "FlyToGoal.Policy.ExtrinsicReward.sum": {
            "value": -39582.5025138855,
            "min": -141208.41928863525,
            "max": -29394.860725402832,
            "count": 110
        },
        "FlyToGoal.Losses.PolicyLoss.mean": {
            "value": 0.02466518936368326,
            "min": 0.01888454515719786,
            "max": 0.029042409040090263,
            "count": 110
        },
        "FlyToGoal.Losses.PolicyLoss.sum": {
            "value": 0.04933037872736652,
            "min": 0.03776909031439572,
            "max": 0.08079319964163005,
            "count": 110
        },
        "FlyToGoal.Losses.ValueLoss.mean": {
            "value": 1.673510601123174,
            "min": 1.5960785667101542,
            "max": 5529.813671874999,
            "count": 110
        },
        "FlyToGoal.Losses.ValueLoss.sum": {
            "value": 3.347021202246348,
            "min": 3.1921571334203085,
            "max": 11059.627343749999,
            "count": 110
        },
        "FlyToGoal.Policy.LearningRate.mean": {
            "value": 0.0001974048341984,
            "min": 0.0001974048341984,
            "max": 0.00029939520020159997,
            "count": 110
        },
        "FlyToGoal.Policy.LearningRate.sum": {
            "value": 0.0003948096683968,
            "min": 0.0003948096683968,
            "max": 0.0008901696032767999,
            "count": 110
        },
        "FlyToGoal.Policy.Epsilon.mean": {
            "value": 0.1658016,
            "min": 0.1658016,
            "max": 0.19979840000000004,
            "count": 110
        },
        "FlyToGoal.Policy.Epsilon.sum": {
            "value": 0.3316032,
            "min": 0.3316032,
            "max": 0.5967232000000001,
            "count": 110
        },
        "FlyToGoal.Policy.Beta.mean": {
            "value": 0.0032934998399999993,
            "min": 0.0032934998399999993,
            "max": 0.00498994016,
            "count": 110
        },
        "FlyToGoal.Policy.Beta.sum": {
            "value": 0.006586999679999999,
            "min": 0.006586999679999999,
            "max": 0.01483648768,
            "count": 110
        },
        "FlyToGoal.IsTraining.mean": {
            "value": 1.0,
            "min": 1.0,
            "max": 1.0,
            "count": 110
        },
        "FlyToGoal.IsTraining.sum": {
            "value": 1.0,
            "min": 1.0,
            "max": 1.0,
            "count": 110
        }
    },
    "metadata": {
        "timer_format_version": "0.1.0",
        "start_time_seconds": "1669060389",
        "python_version": "3.6.5 |Anaconda, Inc.| (default, Mar 29 2018, 13:32:41) [MSC v.1900 64 bit (AMD64)]",
        "command_line_arguments": "D:\\Bojidar\\Software\\Anaconda\\envs\\env\\Scripts\\mlagents-learn config/FlyToGoal2.yaml --run-id=Test2.21 --force",
        "mlagents_version": "0.28.0",
        "mlagents_envs_version": "0.28.0",
        "communication_protocol_version": "1.5.0",
        "pytorch_version": "1.7.1+cu110",
        "numpy_version": "1.19.5",
        "end_time_seconds": "1669063354"
    },
    "total": 2965.3166938,
    "count": 1,
    "self": 0.006288300000051095,
    "children": {
        "run_training.setup": {
            "total": 0.1429736,
            "count": 1,
            "self": 0.1429736
        },
        "TrainerController.start_learning": {
            "total": 2965.1674319,
            "count": 1,
            "self": 5.171719299911729,
            "children": {
                "TrainerController._reset_env": {
                    "total": 10.2494812,
                    "count": 1,
                    "self": 10.2494812
                },
                "TrainerController.advance": {
                    "total": 2949.6476101000885,
                    "count": 171934,
                    "self": 2.907211900202128,
                    "children": {
                        "env_step": {
                            "total": 2946.7403981998864,
                            "count": 171934,
                            "self": 1975.1148410999906,
                            "children": {
                                "SubprocessEnvManager._take_step": {
                                    "total": 969.1067148999012,
                                    "count": 171934,
                                    "self": 14.017428599875188,
                                    "children": {
                                        "TorchPolicy.evaluate": {
                                            "total": 955.0892863000261,
                                            "count": 171934,
                                            "self": 231.4490998999512,
                                            "children": {
                                                "TorchPolicy.sample_actions": {
                                                    "total": 723.6401864000749,
                                                    "count": 171934,
                                                    "self": 723.6401864000749
                                                }
                                            }
                                        }
                                    }
                                },
                                "workers": {
                                    "total": 2.5188421999944826,
                                    "count": 171933,
                                    "self": 0.0,
                                    "children": {
                                        "worker_root": {
                                            "total": 2944.4456934000423,
                                            "count": 171933,
                                            "is_parallel": true,
                                            "self": 1341.9066381000132,