{
    "name": "root",
    "gauges": {
        "FlyToGoal.Policy.Entropy.mean": {
            "value": 1.1682333946228027,
            "min": 1.1353044509887695,
            "max": 1.430113434791565,
            "count": 147
        },
        "FlyToGoal.Policy.Entropy.sum": {
            "value": 28972.1875,
            "min": 28108.10546875,
            "max": 36356.69921875,
            "count": 147
        },
        "FlyToGoal.Step.mean": {
            "value": 3674994.0,
            "min": 24960.0,
            "max": 3674994.0,
            "count": 147
        },
        "FlyToGoal.Step.sum": {
            "value": 3674994.0,
            "min": 24960.0,
            "max": 3674994.0,
            "count": 147
        },
        "FlyToGoal.Policy.ExtrinsicValueEstimate.mean": {
            "value": 64.78710174560547,
            "min": -924.563232421875,
            "max": 64.78710174560547,
            "count": 147
        },
        "FlyToGoal.Policy.ExtrinsicValueEstimate.sum": {
            "value": 26951.43359375,
            "min": -384651.0,
            "max": 26951.43359375,
            "count": 147
        },
        "FlyToGoal.Environment.EpisodeLength.mean": {
            "value": 479.0,
            "min": 449.46031746031747,
            "max": 479.0,
            "count": 147
        },
        "FlyToGoal.Environment.EpisodeLength.sum": {
            "value": 23950.0,
            "min": 22842.0,
            "max": 30656.0,
            "count": 147
        },
        "FlyToGoal.Environment.CumulativeReward.mean": {
            "value": 3808.7585736083984,
            "min": -5745.501228292783,
            "max": 3889.01712735494,
            "count": 147
        },
        "FlyToGoal.Environment.CumulativeReward.sum": {
            "value": 190437.92868041992,
            "min": -275784.0589580536,
            "max": 244980.10153198242,
            "count": 147
        },
        "FlyToGoal.Policy.ExtrinsicReward.mean": {
            "value": 3808.7585736083984,
            "min": -5745.501228292783,
            "max": 3889.01712735494,
            "count": 147
        },
        "FlyToGoal.Policy.ExtrinsicReward.sum": {
            "value": 190437.92868041992,
            "min": -275784.0589580536,
            "max": 244980.10153198242,
            "count": 147
        },
        "FlyToGoal.Losses.PolicyLoss.mean": {
            "value": 0.026794054172933103,
            "min": 0.018845436015787226,
            "max": 0.028136022350129984,
            "count": 147
        },
        "FlyToGoal.Losses.PolicyLoss.sum": {
            "value": 0.053588108345866206,
            "min": 0.03769087203157445,
            "max": 0.0823447310520957,
            "count": 147
        },
        "FlyToGoal.Losses.ValueLoss.mean": {
            "value": 11845.434342447916,
            "min": 2232.1420067989466,
            "max": 168066.83043619792,
            "count": 147
        },
        "FlyToGoal.Losses.ValueLoss.sum": {
            "value": 23690.86868489583,
            "min": 4464.284013597893,
            "max": 336133.66087239585,
            "count": 147
        },
        "FlyToGoal.Policy.LearningRate.mean": {
            "value": 0.00016260537079822504,
            "min": 0.00016260537079822504,
            "max": 0.00029939520020159997,
            "count": 147
        },
        "FlyToGoal.Policy.LearningRate.sum": {
            "value": 0.0003252107415964501,
            "min": 0.0003252107415964501,
            "max": 0.0008901696032767999,
            "count": 147
        },
        "FlyToGoal.Policy.Epsilon.mean": {
            "value": 0.15420177500000004,
            "min": 0.15420177500000004,
            "max": 0.19979840000000004,
            "count": 147
        },
        "FlyToGoal.Policy.Epsilon.sum": {
            "value": 0.3084035500000001,
            "min": 0.3084035500000001,
            "max": 0.5967232000000001,
            "count": 147
        },
        "FlyToGoal.Policy.Beta.mean": {
            "value": 0.0027146685725000013,
            "min": 0.0027146685725000013,
            "max": 0.00498994016,
            "count": 147
        },
        "FlyToGoal.Policy.Beta.sum": {
            "value": 0.005429337145000003,
            "min": 0.005429337145000003,
            "max": 0.01483648768,
            "count": 147
        },
        "FlyToGoal.IsTraining.mean": {
            "value": 1.0,
            "min": 1.0,
            "max": 1.0,
            "count": 147
        },
        "FlyToGoal.IsTraining.sum": {
            "value": 1.0,
            "min": 1.0,
            "max": 1.0,
            "count": 147
        }
    },
    "metadata": {
        "timer_format_version": "0.1.0",
        "start_time_seconds": "1669741128",
        "python_version": "3.6.5 |Anaconda, Inc.| (default, Mar 29 2018, 13:32:41) [MSC v.1900 64 bit (AMD64)]",
        "command_line_arguments": "D:\\Bojidar\\Software\\Anaconda\\envs\\env\\Scripts\\mlagents-learn config/FlyToGoal2.yaml --run-id=Test2.40 --force",
        "mlagents_version": "0.28.0",
        "mlagents_envs_version": "0.28.0",
        "communication_protocol_version": "1.5.0",
        "pytorch_version": "1.7.1+cu110",
        "numpy_version": "1.19.5",
        "end_time_seconds": "1669751102"
    },
    "total": 9973.268562199999,
    "count": 1,
    "self": 0.010531199999604723,
    "children": {
        "run_training.setup": {
            "total": 0.15712879999999999,
            "count": 1,
            "self": 0.15712879999999999
        },
        "TrainerController.start_learning": {
            "total": 9973.1009022,
            "count": 1,
            "self": 7.329872399659507,
            "children": {
                "TrainerController._reset_env": {
                    "total": 10.3955676,
                    "count": 1,
                    "self": 10.3955676
                },
                "TrainerController.advance": {
                    "total": 9955.172747600338,
                    "count": 232519,
                    "self": 3.944118400570005,
                    "children": {
                        "env_step": {
                            "total": 9951.228629199768,
                            "count": 232519,
                            "self": 6305.25126559968,
                            "children": {
                                "SubprocessEnvManager._take_step": {
                                    "total": 3642.224104800096,
                                    "count": 232519,
                                    "self": 20.755026999941947,
                                    "children": {
                                        "TorchPolicy.evaluate": {
                                            "total": 3621.469077800154,
                                            "count": 230667,
                                            "self": 977.7128564001414,
                                            "children": {
                                                "TorchPolicy.sample_actions": {
                                                    "total": 2643.7562214000127,
                                                    "count": 230667,
                                                    "self": 2643.7562214000127
                                                }
                                            }
                                        }
                                    }
                                },
                                "workers": {
                                    "total": 3.753258799992812,
                                    "count": 232518,
                                    "self": 0.0,
                                    "children": {
                                        "worker_root": {
                                            "total": 9928.019504899836,
                                            "count": 232518,
                                            "is_parallel": true,