{"count":1,"self":5564.6777344,"total":36894.8449059,"children":{"InitializeActuators":{"count":10,"self":0.0020008,"total":0.0020008,"children":null},"InitializeSensors":{"count":10,"self":0.0049848,"total":0.0049848,"children":null},"AgentSendState":{"count":5000167,"self":6738.1993471999995,"total":8966.706390899999,"children":{"CollectObservations":{"count":10000340,"self":105.16663679999999,"total":105.1666358,"children":null},"WriteActionMask":{"count":10000340,"self":30.2398432,"total":30.239842799999998,"children":null},"RequestDecision":{"count":10000340,"self":228.30015999999998,"total":2093.1007303,"children":{"AgentInfo.ToProto":{"count":10000340,"self":103.042272,"total":1864.8005765999999,"children":{"GenerateSensorData":{"count":10000340,"self":1253.9763712,"total":1761.7583029999998,"children":{"RayPerceptionSensor.Perceive":{"count":120004080,"self":507.78193919999995,"total":507.7819197,"children":null}}}}}}}}},"DecideAction":{"count":5000167,"self":22263.799808,"total":22263.800339899997,"children":null},"AgentAct":{"count":5000167,"self":97.500857599999989,"total":99.637818,"children":{"AgentInfo.ToProto":{"count":10836,"self":0.167507,"total":2.1369595,"children":{"GenerateSensorData":{"count":10836,"self":1.4201207999999998,"total":1.9694524999999998,"children":{"RayPerceptionSensor.Perceive":{"count":130032,"self":0.5493317,"total":0.5493317,"children":null}}}}}}},"AgentInfo.ToProto":{"count":40,"self":0.0009962,"total":0.014445099999999999,"children":{"GenerateSensorData":{"count":40,"self":0.008713799999999999,"total":0.0134489,"children":{"RayPerceptionSensor.Perceive":{"count":480,"self":0.0047351,"total":0.0047351,"children":null}}}}}},"gauges":{"FlyToGoal.CumulativeReward":{"count":10876,"max":367170.938,"min":-712492.8,"runningAverage":110158.391,"value":131615.422,"weightedAverage":138643.469}},"metadata":{"timer_format_version":"0.1.0","start_time_seconds":"1673815250","unity_version":"2021.3.11f1","command_line_arguments":"C:\\Program Files\\Unity\\Hub\\Editor\\2021.3.11f1\\Editor\\Unity.exe -projectpath D:\\Bojidar\\GameDvelopment\\Unity 2.0\\DroneNav RL - SecondEnv -useHub -hubIPC -cloudEnvironment production -licensingIpc LicenseClient-Bojidar -hubSessionId f8dd98f0-93d6-11ed-8e51-1161e349567f -accessToken YgBgo6taZPVFEjqp2xl11mEo32fJ7An1SDTlPK80D8A007f","communication_protocol_version":"1.5.0","com.unity.ml-agents_version":"2.2.1-exp.1","scene_name":"MainScene","end_time_seconds":"1673852145"}}