{
    "name": "root",
    "gauges": {
        "FlyToGoal.Policy.Entropy.mean": {
            "value": 1.4031981229782104,
            "min": 1.4031981229782104,
            "max": 1.4190860986709595,
            "count": 4
        },
        "FlyToGoal.Policy.Entropy.sum": {
            "value": 35106.61328125,
            "min": 35106.61328125,
            "max": 35521.2421875,
            "count": 4
        },
        "FlyToGoal.Step.mean": {
            "value": 99956.0,
            "min": 24992.0,
            "max": 99956.0,
            "count": 4
        },
        "FlyToGoal.Step.sum": {
            "value": 99956.0,
            "min": 24992.0,
            "max": 99956.0,
            "count": 4
        },
        "FlyToGoal.Policy.ExtrinsicValueEstimate.mean": {
            "value": -200.18710327148438,
            "min": -200.18710327148438,
            "max": -32.52165222167969,
            "count": 4
        },
        "FlyToGoal.Policy.ExtrinsicValueEstimate.sum": {
            "value": -83878.3984375,
            "min": -83878.3984375,
            "max": -15057.525390625,
            "count": 4
        },
        "FlyToGoal.Environment.EpisodeLength.mean": {
            "value": 455.05454545454546,
            "min": 218.50877192982455,
            "max": 455.05454545454546,
            "count": 4
        },
        "FlyToGoal.Environment.EpisodeLength.sum": {
            "value": 25028.0,
            "min": 24761.0,
            "max": 25028.0,
            "count": 4
        },
        "FlyToGoal.Environment.CumulativeReward.mean": {
            "value": -608.4141710107976,
            "min": -1198.9150611645466,
            "max": -608.4141710107976,
            "count": 4
        },
        "FlyToGoal.Environment.CumulativeReward.sum": {
            "value": -33462.77940559387,
            "min": -108043.27671051025,
            "max": -33462.77940559387,
            "count": 4
        },
        "FlyToGoal.Policy.ExtrinsicReward.mean": {
            "value": -608.4141710107976,
            "min": -1198.9150611645466,
            "max": -608.4141710107976,
            "count": 4
        },
        "FlyToGoal.Policy.ExtrinsicReward.sum": {
            "value": -33462.77940559387,
            "min": -108043.27671051025,
            "max": -33462.77940559387,
            "count": 4
        },
        "FlyToGoal.Losses.PolicyLoss.mean": {
            "value": 0.02426312693860382,
            "min": 0.02193958640822934,
            "max": 0.02426312693860382,
            "count": 4
        },
        "FlyToGoal.Losses.PolicyLoss.sum": {
            "value": 0.04852625387720764,
            "min": 0.04432102600112557,
            "max": 0.06581875922468802,
            "count": 4
        },
        "FlyToGoal.Losses.ValueLoss.mean": {
            "value": 380.30138676961263,
            "min": 380.30138676961263,
            "max": 4563.782210286458,
            "count": 4
        },
        "FlyToGoal.Losses.ValueLoss.sum": {
            "value": 760.6027735392253,
            "min": 760.6027735392253,
            "max": 9127.564420572917,
            "count": 4
        },
        "FlyToGoal.Policy.LearningRate.mean": {
            "value": 0.00028952016349328004,
            "min": 0.00028952016349328004,
            "max": 0.0002981472006176,
            "count": 4
        },
        "FlyToGoal.Policy.LearningRate.sum": {
            "value": 0.0005790403269865601,
            "min": 0.0005790403269865601,
            "max": 0.0008777984474005199,
            "count": 4
        },
        "FlyToGoal.Policy.Epsilon.mean": {
            "value": 0.19650672000000002,
            "min": 0.19650672000000002,
            "max": 0.19938240000000004,
            "count": 4
        },
        "FlyToGoal.Policy.Epsilon.sum": {
            "value": 0.39301344000000005,
            "min": 0.39301344000000005,
            "max": 0.5925994799999998,
            "count": 4
        },
        "FlyToGoal.Policy.Beta.mean": {
            "value": 0.004825685328,
            "min": 0.004825685328,
            "max": 0.004969181760000002,
            "count": 4
        },
        "FlyToGoal.Policy.Beta.sum": {
            "value": 0.009651370656,
            "min": 0.009651370656,
            "max": 0.014630714052000001,
            "count": 4
        },
        "FlyToGoal.IsTraining.mean": {
            "value": 1.0,
            "min": 1.0,
            "max": 1.0,
            "count": 4
        },
        "FlyToGoal.IsTraining.sum": {
            "value": 1.0,
            "min": 1.0,
            "max": 1.0,
            "count": 4
        }
    },
    "metadata": {
        "timer_format_version": "0.1.0",
        "start_time_seconds": "1668720721",
        "python_version": "3.6.5 |Anaconda, Inc.| (default, Mar 29 2018, 13:32:41) [MSC v.1900 64 bit (AMD64)]",
        "command_line_arguments": "D:\\Bojidar\\Software\\Anaconda\\envs\\env\\Scripts\\mlagents-learn config/FlyToGoal.yaml --run-id=Test9",
        "mlagents_version": "0.28.0",
        "mlagents_envs_version": "0.28.0",
        "communication_protocol_version": "1.5.0",
        "pytorch_version": "1.7.1+cu110",
        "numpy_version": "1.19.5",
        "end_time_seconds": "1668722524"
    },
    "total": 1803.6031415,
    "count": 1,
    "self": 0.007140900000194961,
    "children": {
        "run_training.setup": {
            "total": 0.16702119999999998,
            "count": 1,
            "self": 0.16702119999999998
        },
        "TrainerController.start_learning": {
            "total": 1803.4289794,
            "count": 1,
            "self": 3.422205699985625,
            "children": {
                "TrainerController._reset_env": {
                    "total": 12.2057799,
                    "count": 1,
                    "self": 12.2057799
                },
                "TrainerController.advance": {
                    "total": 1787.5672888000142,
                    "count": 114823,
                    "self": 1.634504200045285,
                    "children": {
                        "env_step": {
                            "total": 1785.932784599969,
                            "count": 114823,
                            "self": 1156.7798415999978,
                            "children": {
                                "SubprocessEnvManager._take_step": {
                                    "total": 627.5516914999941,
                                    "count": 114823,
                                    "self": 8.072277799976291,
                                    "children": {
                                        "TorchPolicy.evaluate": {
                                            "total": 619.4794137000179,
                                            "count": 114494,
                                            "self": 269.554834000053,
                                            "children": {
                                                "TorchPolicy.sample_actions": {
                                                    "total": 349.92457969996485,
                                                    "count": 114494,
                                                    "self": 349.92457969996485
                                                }
                                            }
                                        }
                                    }
                                },
                                "workers": {
                                    "total": 1.601251499976966,
                                    "count": 114822,
                                    "self": 0.0,
                                    "children": {
                                        "worker_root": {
                                            "total": 1779.823079499984,
                                            "count": 114822,
                                            "is_parallel": true,