{
    "name": "root",
    "gauges": {
        "FlyToGoal.Policy.Entropy.mean": {
            "value": 1.4153534173965454,
            "min": 1.4145976305007935,
            "max": 1.4240751266479492,
            "count": 7
        },
        "FlyToGoal.Policy.Entropy.sum": {
            "value": 70767.671875,
            "min": 70729.8828125,
            "max": 71203.7578125,
            "count": 7
        },
        "FlyToGoal.Step.mean": {
            "value": 349984.0,
            "min": 49984.0,
            "max": 349984.0,
            "count": 7
        },
        "FlyToGoal.Step.sum": {
            "value": 349984.0,
            "min": 49984.0,
            "max": 349984.0,
            "count": 7
        },
        "FlyToGoal.Policy.ExtrinsicValueEstimate.mean": {
            "value": 0.003000711789354682,
            "min": 0.003000711789354682,
            "max": 0.09891059249639511,
            "count": 7
        },
        "FlyToGoal.Policy.ExtrinsicValueEstimate.sum": {
            "value": 2.6256227493286133,
            "min": 2.6256227493286133,
            "max": 86.54676818847656,
            "count": 7
        },
        "FlyToGoal.Environment.EpisodeLength.mean": {
            "value": 399.0,
            "min": 399.0,
            "max": 399.0,
            "count": 7
        },
        "FlyToGoal.Environment.EpisodeLength.sum": {
            "value": 49875.0,
            "min": 49875.0,
            "max": 49875.0,
            "count": 7
        },
        "FlyToGoal.Environment.CumulativeReward.mean": {
            "value": 0.0,
            "min": 0.0,
            "max": 0.0,
            "count": 7
        },
        "FlyToGoal.Environment.CumulativeReward.sum": {
            "value": 0.0,
            "min": 0.0,
            "max": 0.0,
            "count": 7
        },
        "FlyToGoal.Policy.ExtrinsicReward.mean": {
            "value": 0.0,
            "min": 0.0,
            "max": 0.0,
            "count": 7
        },
        "FlyToGoal.Policy.ExtrinsicReward.sum": {
            "value": 0.0,
            "min": 0.0,
            "max": 0.0,
            "count": 7
        },
        "FlyToGoal.Losses.PolicyLoss.mean": {
            "value": 0.02705620804335922,
            "min": 0.021656795569385094,
            "max": 0.02705620804335922,
            "count": 7
        },
        "FlyToGoal.Losses.PolicyLoss.sum": {
            "value": 0.1352810402167961,
            "min": 0.08972371200410029,
            "max": 0.1352810402167961,
            "count": 7
        },
        "FlyToGoal.Losses.ValueLoss.mean": {
            "value": 3.623363610434656e-05,
            "min": 3.623363610434656e-05,
            "max": 0.0018283600615783748,
            "count": 7
        },
        "FlyToGoal.Losses.ValueLoss.sum": {
            "value": 0.0001811681805217328,
            "min": 0.0001811681805217328,
            "max": 0.007313440246313499,
            "count": 7
        },
        "FlyToGoal.Policy.LearningRate.mean": {
            "value": 0.00010288710570432002,
            "min": 0.00010288710570432002,
            "max": 0.0002846064051312,
            "count": 7
        },
        "FlyToGoal.Policy.LearningRate.sum": {
            "value": 0.0005144355285216001,
            "min": 0.0005144355285216001,
            "max": 0.001284432071856,
            "count": 7
        },
        "FlyToGoal.Policy.Epsilon.mean": {
            "value": 0.13429568,
            "min": 0.13429568,
            "max": 0.19486880000000004,
            "count": 7
        },
        "FlyToGoal.Policy.Epsilon.sum": {
            "value": 0.6714784,
            "min": 0.6714784,
            "max": 0.9281440000000001,
            "count": 7
        },
        "FlyToGoal.Policy.Beta.mean": {
            "value": 0.0017213544320000007,
            "min": 0.0017213544320000007,
            "max": 0.004743953119999999,
            "count": 7
        },
        "FlyToGoal.Policy.Beta.sum": {
            "value": 0.008606772160000003,
            "min": 0.008606772160000003,
            "max": 0.0214143856,
            "count": 7
        },
        "FlyToGoal.IsTraining.mean": {
            "value": 1.0,
            "min": 1.0,
            "max": 1.0,
            "count": 7
        },
        "FlyToGoal.IsTraining.sum": {
            "value": 1.0,
            "min": 1.0,
            "max": 1.0,
            "count": 7
        }
    },
    "metadata": {
        "timer_format_version": "0.1.0",
        "start_time_seconds": "1668360616",
        "python_version": "3.6.5 |Anaconda, Inc.| (default, Mar 29 2018, 13:32:41) [MSC v.1900 64 bit (AMD64)]",
        "command_line_arguments": "D:\\Bojidar\\Software\\Anaconda\\envs\\env\\Scripts\\mlagents-learn --run-id=Test1 --force",
        "mlagents_version": "0.28.0",
        "mlagents_envs_version": "0.28.0",
        "communication_protocol_version": "1.5.0",
        "pytorch_version": "1.7.1+cu110",
        "numpy_version": "1.19.5",
        "end_time_seconds": "1668365779"
    },
    "total": 5161.7085242,
    "count": 1,
    "self": 0.006030300000020361,
    "children": {
        "run_training.setup": {
            "total": 0.138336,
            "count": 1,
            "self": 0.138336
        },
        "TrainerController.start_learning": {
            "total": 5161.5641579,
            "count": 1,
            "self": 7.973936300050809,
            "children": {
                "TrainerController._reset_env": {
                    "total": 11.0552338,
                    "count": 1,
                    "self": 11.0552338
                },
                "TrainerController.advance": {
                    "total": 5142.418841899949,
                    "count": 362099,
                    "self": 7.587492000055136,
                    "children": {
                        "env_step": {
                            "total": 4805.17074049988,
                            "count": 362099,
                            "self": 3681.319759599606,
                            "children": {
                                "SubprocessEnvManager._take_step": {
                                    "total": 1118.9146548002182,
                                    "count": 362099,
                                    "self": 22.85461210021731,
                                    "children": {
                                        "TorchPolicy.evaluate": {
                                            "total": 1096.0600427000008,
                                            "count": 362097,
                                            "self": 739.8729892998322,
                                            "children": {
                                                "TorchPolicy.sample_actions": {
                                                    "total": 356.1870534001687,
                                                    "count": 362097,
                                                    "self": 356.1870534001687
                                                }
                                            }
                                        }
                                    }
                                },
                                "workers": {
                                    "total": 4.936326100055018,
                                    "count": 362098,
                                    "self": 0.0,
                                    "children": {
                                        "worker_root": {
                                            "total": 5117.570653799967,
                                            "count": 362098,
                                            "is_parallel": true,
                                            "self": 1861.9232919999658,
                                            "children": {
                                                "steps_from_proto": {
                                                    "total": 0.0008957,