{
    "name": "root",
    "metadata": {
        "timer_format_version": "0.1.0",
        "start_time_seconds": "1668535011",
        "python_version": "3.6.5 |Anaconda, Inc.| (default, Mar 29 2018, 13:32:41) [MSC v.1900 64 bit (AMD64)]",
        "command_line_arguments": "D:\\Bojidar\\Software\\Anaconda\\envs\\env\\Scripts\\mlagents-learn config/FlyToGoal.yaml --run-id=Test6",
        "mlagents_version": "0.28.0",
        "mlagents_envs_version": "0.28.0",
        "communication_protocol_version": "1.5.0",
        "pytorch_version": "1.7.1+cu110",
        "numpy_version": "1.19.5",
        "end_time_seconds": "1668547456"
    },
    "total": 12444.297235600001,
    "count": 1,
    "self": 0.007502000000386033,
    "children": {
        "run_training.setup": {
            "total": 0.1451923,
            "count": 1,
            "self": 0.1451923
        },
        "TrainerController.start_learning": {
            "total": 12444.1445413,
            "count": 1,
            "self": 23.75434270043843,
            "children": {
                "TrainerController._reset_env": {
                    "total": 17.347375900000003,
                    "count": 1,
                    "self": 17.347375900000003
                },
                "TrainerController.advance": {
                    "total": 12402.806775599562,
                    "count": 802991,
                    "self": 11.87746949969187,
                    "children": {
                        "env_step": {
                            "total": 12390.92930609987,
                            "count": 802991,
                            "self": 8097.601358000277,
                            "children": {
                                "SubprocessEnvManager._take_step": {
                                    "total": 4282.0889163006095,
                                    "count": 802991,
                                    "self": 55.950516800575315,
                                    "children": {
                                        "TorchPolicy.evaluate": {
                                            "total": 4226.138399500034,
                                            "count": 801254,
                                            "self": 1870.280621400711,
                                            "children": {
                                                "TorchPolicy.sample_actions": {
                                                    "total": 2355.8577780993232,
                                                    "count": 801254,
                                                    "self": 2355.8577780993232
                                                }
                                            }
                                        }
                                    }
                                },
                                "workers": {
                                    "total": 11.239031798982953,
                                    "count": 802990,
                                    "self": 0.0,
                                    "children": {
                                        "worker_root": {
                                            "total": 12390.90981679973,
                                            "count": 802990,
                                            "is_parallel": true,
                                            "self": 5318.739476199846,
                                            "children": {
                                                "steps_from_proto": {
                                                    "total": 0.0042196,
                                                    "count": 1,
                                                    "is_parallel": true,
                                                    "self": 0.0010257,
                                                    "children": {
                                                        "_process_rank_one_or_two_observation": {
                                                            "total": 0.0031938999999999995,
                                                            "count": 26,
                                                            "is_parallel": true,
                                                            "self": 0.0031938999999999995
                                                        }
                                                    }
                                                },
                                                "UnityEnvironment.step": {
                                                    "total": 7072.166120999885,
                                                    "count": 802990,
                                                    "is_parallel": true,
                                                    "self": 114.38781889907477,
                                                    "children": {
                                                        "UnityEnvironment._generate_step_input": {
                                                            "total": 61.92637240008303,
                                                            "count": 802990,
                                                            "is_parallel": true,
                                                            "self": 61.92637240008303
                                                        },
                                                        "communicator.exchange": {
                                                            "total": 6063.1541387004345,
                                                            "count": 802990,
                                                            "is_parallel": true,
                                                            "self": 6063.1541387004345
                                                        },
                                                        "steps_from_proto": {
                                                            "total": 832.6977910002921,
                                                            "count": 802990,
                                                            "is_parallel": true,
                                                            "self": 200.69714850154628,
                                                            "children": {
                                                                "_process_rank_one_or_two_observation": {
                                                                    "total": 632.0006424987458,
                                                                    "count": 20877740,
                                                                    "is_parallel": true,
                                                                    "self": 632.0006424987458
                                                                }
                                                            }
                                                        }
                                                    }
                                                }
                                            }
                                        }
                                    }
                                }
                            }
                        }
                    }
                },
                "TrainerController._save_models": {
                    "total": 0.23604709999926854,
                    "count": 1,
                    "self": 0.027194099999178434,
                    "children": {
                        "RLTrainer._checkpoint": {
                            "total": 0.2088530000000901,
                            "count": 1,
                            "self": 0.2088530000000901
                        }
                    }
                }
            }
        }
    }
}