{
    "name": "root",
    "gauges": {
        "FlyToGoal.Policy.Entropy.mean": {
            "value": 1.2900547981262207,
            "min": 1.2900547981262207,
            "max": 1.3823186159133911,
            "count": 134
        },
        "FlyToGoal.Policy.Entropy.sum": {
            "value": 32055.28125,
            "min": 1703.0164794921875,
            "max": 35275.06640625,
            "count": 134
        },
        "FlyToGoal.Step.mean": {
            "value": 6349944.0,
            "min": 3024965.0,
            "max": 6349944.0,
            "count": 134
        },
        "FlyToGoal.Step.sum": {
            "value": 6349944.0,
            "min": 3024965.0,
            "max": 6349944.0,
            "count": 134
        },
        "FlyToGoal.Policy.ExtrinsicValueEstimate.mean": {
            "value": 2240.214111328125,
            "min": 1028.55126953125,
            "max": 2321.584228515625,
            "count": 134
        },
        "FlyToGoal.Policy.ExtrinsicValueEstimate.sum": {
            "value": 934169.3125,
            "min": 16122.2841796875,
            "max": 972743.75,
            "count": 134
        },
        "FlyToGoal.IsTraining.mean": {
            "value": 1.0,
            "min": 1.0,
            "max": 1.0,
            "count": 134
        },
        "FlyToGoal.IsTraining.sum": {
            "value": 1.0,
            "min": 1.0,
            "max": 1.0,
            "count": 134
        },
        "FlyToGoal.Environment.EpisodeLength.mean": {
            "value": 459.7962962962963,
            "min": 429.55737704918033,
            "max": 475.27777777777777,
            "count": 133
        },
        "FlyToGoal.Environment.EpisodeLength.sum": {
            "value": 24829.0,
            "min": 22917.0,
            "max": 27194.0,
            "count": 133
        },
        "FlyToGoal.Environment.CumulativeReward.mean": {
            "value": 5524.5662269592285,
            "min": 2338.3405301975754,
            "max": 6373.810234731557,
            "count": 133
        },
        "FlyToGoal.Environment.CumulativeReward.sum": {
            "value": 298326.57625579834,
            "min": 123932.0481004715,
            "max": 339295.3424510956,
            "count": 133
        },
        "FlyToGoal.Policy.ExtrinsicReward.mean": {
            "value": 5524.5662269592285,
            "min": 2338.3405301975754,
            "max": 6373.810234731557,
            "count": 133
        },
        "FlyToGoal.Policy.ExtrinsicReward.sum": {
            "value": 298326.57625579834,
            "min": 123932.0481004715,
            "max": 339295.3424510956,
            "count": 133
        },
        "FlyToGoal.Losses.PolicyLoss.mean": {
            "value": 0.023624800466414953,
            "min": 0.018446333851251336,
            "max": 0.02922912898163001,
            "count": 133
        },
        "FlyToGoal.Losses.PolicyLoss.sum": {
            "value": 0.07087440139924486,
            "min": 0.03716053697280586,
            "max": 0.08768738694489003,
            "count": 133
        },
        "FlyToGoal.Losses.ValueLoss.mean": {
            "value": 81739.74283854167,
            "min": 31364.63570963542,
            "max": 194894.94440104166,
            "count": 133
        },
        "FlyToGoal.Losses.ValueLoss.sum": {
            "value": 245219.228515625,
            "min": 62729.27141927084,
            "max": 496603.25117187505,
            "count": 133
        },
        "FlyToGoal.Policy.LearningRate.mean": {
            "value": 6.239094170304583e-05,
            "min": 6.239094170304583e-05,
            "max": 0.00018598676300442504,
            "count": 133
        },
        "FlyToGoal.Policy.LearningRate.sum": {
            "value": 0.00018717282510913747,
            "min": 0.0001267060952646875,
            "max": 0.0005526255032915374,
            "count": 133
        },
        "FlyToGoal.Policy.Epsilon.mean": {
            "value": 0.12079695416666669,
            "min": 0.12079695416666669,
            "max": 0.16199557499999995,
            "count": 133
        },
        "FlyToGoal.Policy.Epsilon.sum": {
            "value": 0.3623908625000001,
            "min": 0.24223531250000002,
            "max": 0.48420846249999994,
            "count": 133
        },
        "FlyToGoal.Policy.Beta.mean": {
            "value": 0.0010477680129166668,
            "min": 0.0010477680129166668,
            "max": 0.0031035791925,
            "count": 133
        },
        "FlyToGoal.Policy.Beta.sum": {
            "value": 0.00314330403875,
            "min": 0.0021275420937500004,
            "max": 0.00922200227875,
            "count": 133
        }
    },
    "metadata": {
        "timer_format_version": "0.1.0",
        "start_time_seconds": "1669816219",
        "python_version": "3.6.5 |Anaconda, Inc.| (default, Mar 29 2018, 13:32:41) [MSC v.1900 64 bit (AMD64)]",
        "command_line_arguments": "D:\\Bojidar\\Software\\Anaconda\\envs\\env\\Scripts\\mlagents-learn config/FlyToGoal2.yaml --run-id=Test2.42 --resume",
        "mlagents_version": "0.28.0",
        "mlagents_envs_version": "0.28.0",
        "communication_protocol_version": "1.5.0",
        "pytorch_version": "1.7.1+cu110",
        "numpy_version": "1.19.5",
        "end_time_seconds": "1669824569"
    },
    "total": 8349.0987175,
    "count": 1,
    "self": 0.006935199999134056,
    "children": {
        "run_training.setup": {
            "total": 0.2424626,
            "count": 1,
            "self": 0.2424626
        },
        "TrainerController.start_learning": {
            "total": 8348.8493197,
            "count": 1,
            "self": 6.437993499948789,
            "children": {
                "TrainerController._reset_env": {
                    "total": 10.9933618,
                    "count": 1,
                    "self": 10.9933618
                },
                "TrainerController.advance": {
                    "total": 8331.232426000051,
                    "count": 215533,
                    "self": 3.425470999907702,
                    "children": {
                        "env_step": {
                            "total": 8327.806955000144,
                            "count": 215533,
                            "self": 5293.746754800396,
                            "children": {
                                "SubprocessEnvManager._take_step": {
                                    "total": 3030.793908599907,
                                    "count": 215533,
                                    "self": 17.30781609983751,
                                    "children": {
                                        "TorchPolicy.evaluate": {
                                            "total": 3013.4860925000694,
                                            "count": 208721,
                                            "self": 795.3973593002538,
                                            "children": {
                                                "TorchPolicy.sample_actions": {
                                                    "total": 2218.0887331998156,
                                                    "count": 208721,
                                                    "self": 2218.0887331998156
                                                }
                                            }
                                        }
                                    }
                                },
                                "workers": {
                                    "total": 3.2662915998409456,
                                    "count": 215532,
                                    "self": 0.0,
                                    "children": {
                                        "worker_root": {
                                            "total": 8321.104515699903,
                                            "count": 215532,
                                            "is_parallel": true,