{
    "name": "root",
    "gauges": {
        "FlyToGoal.Policy.Entropy.mean": {
            "value": 1.0628012418746948,
            "min": 1.0628012418746948,
            "max": 1.44171941280365,
            "count": 320
        },
        "FlyToGoal.Policy.Entropy.sum": {
            "value": 26629.548828125,
            "min": 25696.51171875,
            "max": 36603.81640625,
            "count": 320
        },
        "FlyToGoal.Step.mean": {
            "value": 7999975.0,
            "min": 24960.0,
            "max": 7999975.0,
            "count": 320
        },
        "FlyToGoal.Step.sum": {
            "value": 7999975.0,
            "min": 24960.0,
            "max": 7999975.0,
            "count": 320
        },
        "FlyToGoal.Policy.ExtrinsicValueEstimate.mean": {
            "value": 11286.57421875,
            "min": -441.546630859375,
            "max": 11341.1494140625,
            "count": 320
        },
        "FlyToGoal.Policy.ExtrinsicValueEstimate.sum": {
            "value": 4717788.0,
            "min": -186774.21875,
            "max": 4738894.0,
            "count": 320
        },
        "FlyToGoal.Environment.EpisodeLength.mean": {
            "value": 475.77358490566036,
            "min": 417.7586206896552,
            "max": 479.0,
            "count": 320
        },
        "FlyToGoal.Environment.EpisodeLength.sum": {
            "value": 25216.0,
            "min": 22785.0,
            "max": 30656.0,
            "count": 320
        },
        "FlyToGoal.Environment.CumulativeReward.mean": {
            "value": 27113.73368432387,
            "min": -2551.251414457957,
            "max": 27320.709504541363,
            "count": 320
        },
        "FlyToGoal.Environment.CumulativeReward.sum": {
            "value": 1437027.885269165,
            "min": -122460.06789398193,
            "max": 1504055.877691269,
            "count": 320
        },
        "FlyToGoal.Policy.ExtrinsicReward.mean": {
            "value": 27113.73368432387,
            "min": -2551.251414457957,
            "max": 27320.709504541363,
            "count": 320
        },
        "FlyToGoal.Policy.ExtrinsicReward.sum": {
            "value": 1437027.885269165,
            "min": -122460.06789398193,
            "max": 1504055.877691269,
            "count": 320
        },
        "FlyToGoal.Losses.PolicyLoss.mean": {
            "value": 0.02488780704119967,
            "min": 0.01549513640347868,
            "max": 0.03016180999111384,
            "count": 320
        },
        "FlyToGoal.Losses.PolicyLoss.sum": {
            "value": 0.07466342112359901,
            "min": 0.03099027280695736,
            "max": 0.09042632970958948,
            "count": 320
        },
        "FlyToGoal.Losses.ValueLoss.mean": {
            "value": 490501.34270833334,
            "min": 2159.5465047200523,
            "max": 785173.059375,
            "count": 320
        },
        "FlyToGoal.Losses.ValueLoss.sum": {
            "value": 1471504.028125,
            "min": 4319.093009440105,
            "max": 2172226.2125,
            "count": 320
        },
        "FlyToGoal.Policy.LearningRate.mean": {
            "value": 4.659998447000081e-07,
            "min": 4.659998447000081e-07,
            "max": 0.00029939520020159997,
            "count": 320
        },
        "FlyToGoal.Policy.LearningRate.sum": {
            "value": 1.3979995341000244e-06,
            "min": 1.3979995341000244e-06,
            "max": 0.0008901696032767999,
            "count": 320
        },
        "FlyToGoal.Policy.Epsilon.mean": {
            "value": 0.10015530000000002,
            "min": 0.10015530000000002,
            "max": 0.19979840000000004,
            "count": 320
        },
        "FlyToGoal.Policy.Epsilon.sum": {
            "value": 0.30046590000000006,
            "min": 0.20095497500000004,
            "max": 0.5967232000000001,
            "count": 320
        },
        "FlyToGoal.Policy.Beta.mean": {
            "value": 1.7749470000000133e-05,
            "min": 1.7749470000000133e-05,
            "max": 0.00498994016,
            "count": 320
        },
        "FlyToGoal.Policy.Beta.sum": {
            "value": 5.3248410000000404e-05,
            "min": 5.3248410000000404e-05,
            "max": 0.01483648768,
            "count": 320
        },
        "FlyToGoal.IsTraining.mean": {
            "value": 1.0,
            "min": 1.0,
            "max": 1.0,
            "count": 320
        },
        "FlyToGoal.IsTraining.sum": {
            "value": 1.0,
            "min": 1.0,
            "max": 1.0,
            "count": 320
        }
    },
    "metadata": {
        "timer_format_version": "0.1.0",
        "start_time_seconds": "1669391584",
        "python_version": "3.6.5 |Anaconda, Inc.| (default, Mar 29 2018, 13:32:41) [MSC v.1900 64 bit (AMD64)]",
        "command_line_arguments": "D:\\Bojidar\\Software\\Anaconda\\envs\\env\\Scripts\\mlagents-learn config/FlyToGoal2.yaml --run-id=Test2.31 --force",
        "mlagents_version": "0.28.0",
        "mlagents_envs_version": "0.28.0",
        "communication_protocol_version": "1.5.0",
        "pytorch_version": "1.7.1+cu110",
        "numpy_version": "1.19.5",
        "end_time_seconds": "1669407902"
    },
    "total": 16317.543222299999,
    "count": 1,
    "self": 0.016428899998572888,
    "children": {
        "run_training.setup": {
            "total": 0.1414472,
            "count": 1,
            "self": 0.1414472
        },
        "TrainerController.start_learning": {
            "total": 16317.3853462,
            "count": 1,
            "self": 15.772578000451176,
            "children": {
                "TrainerController._reset_env": {
                    "total": 11.573914199999999,
                    "count": 1,
                    "self": 11.573914199999999
                },
                "TrainerController.advance": {
                    "total": 16289.87915749955,
                    "count": 515066,
                    "self": 8.183877998935714,
                    "children": {
                        "env_step": {
                            "total": 16281.695279500615,
                            "count": 515066,
                            "self": 10363.427642901126,
                            "children": {
                                "SubprocessEnvManager._take_step": {
                                    "total": 5910.255947699995,
                                    "count": 515066,
                                    "self": 43.04748780014688,
                                    "children": {
                                        "TorchPolicy.evaluate": {
                                            "total": 5867.208459899848,
                                            "count": 500034,
                                            "self": 1502.2734733996977,
                                            "children": {
                                                "TorchPolicy.sample_actions": {
                                                    "total": 4364.93498650015,
                                                    "count": 500034,
                                                    "self": 4364.93498650015
                                                }
                                            }
                                        }
                                    }
                                },
                                "workers": {
                                    "total": 8.011688899492416,
                                    "count": 515066,
                                    "self": 0.0,
                                    "children": {
                                        "worker_root": {
                                            "total": 16287.69489259995,
                                            "count": 515066,
                                            "is_parallel": true,