{
    "name": "root",
    "gauges": {
        "FlyToGoal.Policy.Entropy.mean": {
            "value": 1.0877488851547241,
            "min": 1.0877466201782227,
            "max": 1.4852968454360962,
            "count": 400
        },
        "FlyToGoal.Policy.Entropy.sum": {
            "value": 27237.232421875,
            "min": 26000.67578125,
            "max": 37582.15625,
            "count": 400
        },
        "FlyToGoal.Step.mean": {
            "value": 9999982.0,
            "min": 24960.0,
            "max": 9999982.0,
            "count": 400
        },
        "FlyToGoal.Step.sum": {
            "value": 9999982.0,
            "min": 24960.0,
            "max": 9999982.0,
            "count": 400
        },
        "FlyToGoal.Policy.ExtrinsicValueEstimate.mean": {
            "value": 10379.646484375,
            "min": -1219.6009521484375,
            "max": 12248.8828125,
            "count": 400
        },
        "FlyToGoal.Policy.ExtrinsicValueEstimate.sum": {
            "value": 4224516.0,
            "min": -506134.375,
            "max": 4985295.5,
            "count": 400
        },
        "FlyToGoal.Environment.EpisodeLength.mean": {
            "value": 1222.9545454545455,
            "min": 398.24242424242425,
            "max": 1319.95,
            "count": 400
        },
        "FlyToGoal.Environment.EpisodeLength.sum": {
            "value": 26905.0,
            "min": 15820.0,
            "max": 34512.0,
            "count": 400
        },
        "FlyToGoal.Losses.PolicyLoss.mean": {
            "value": 0.028868204293151695,
            "min": 0.016665389008509616,
            "max": 0.030229152855463327,
            "count": 400
        },
        "FlyToGoal.Losses.PolicyLoss.sum": {
            "value": 0.05773640858630339,
            "min": 0.03333077801701923,
            "max": 0.08763294303789736,
            "count": 400
        },
        "FlyToGoal.Losses.ValueLoss.mean": {
            "value": 27433631.03125,
            "min": 8228.82374674479,
            "max": 36138927.387499996,
            "count": 400
        },
        "FlyToGoal.Losses.ValueLoss.sum": {
            "value": 54867262.0625,
            "min": 16457.64749348958,
            "max": 108416782.1625,
            "count": 400
        },
        "FlyToGoal.Policy.LearningRate.mean": {
            "value": 3.472598842800075e-07,
            "min": 3.472598842800075e-07,
            "max": 0.00029950464016511994,
            "count": 400
        },
        "FlyToGoal.Policy.LearningRate.sum": {
            "value": 6.94519768560015e-07,
            "min": 6.94519768560015e-07,
            "max": 0.0008942630419123199,
            "count": 400
        },
        "FlyToGoal.Policy.Epsilon.mean": {
            "value": 0.10011572000000002,
            "min": 0.10011572000000002,
            "max": 0.19983488000000005,
            "count": 400
        },
        "FlyToGoal.Policy.Epsilon.sum": {
            "value": 0.20023144000000004,
            "min": 0.20023144000000004,
            "max": 0.59808768,
            "count": 400
        },
        "FlyToGoal.Policy.Beta.mean": {
            "value": 1.5774428000000128e-05,
            "min": 1.5774428000000128e-05,
            "max": 0.004991760512000001,
            "count": 400
        },
        "FlyToGoal.Policy.Beta.sum": {
            "value": 3.1548856000000256e-05,
            "min": 3.1548856000000256e-05,
            "max": 0.014904575232000002,
            "count": 400
        },
        "FlyToGoal.Environment.CumulativeReward.mean": {
            "value": 32220.29637180675,
            "min": -31428.830331087112,
            "max": 113084.84057176113,
            "count": 400
        },
        "FlyToGoal.Environment.CumulativeReward.sum": {
            "value": 708846.5201797485,
            "min": -1005722.5705947876,
            "max": 2714036.173722267,
            "count": 400
        },
        "FlyToGoal.Policy.ExtrinsicReward.mean": {
            "value": 32220.29637180675,
            "min": -31428.830331087112,
            "max": 113084.84057176113,
            "count": 400
        },
        "FlyToGoal.Policy.ExtrinsicReward.sum": {
            "value": 708846.5201797485,
            "min": -1005722.5705947876,
            "max": 2714036.173722267,
            "count": 400
        },
        "FlyToGoal.IsTraining.mean": {
            "value": 1.0,
            "min": 1.0,
            "max": 1.0,
            "count": 400
        },
        "FlyToGoal.IsTraining.sum": {
            "value": 1.0,
            "min": 1.0,
            "max": 1.0,
            "count": 400
        }
    },
    "metadata": {
        "timer_format_version": "0.1.0",
        "start_time_seconds": "1670844326",
        "python_version": "3.6.5 |Anaconda, Inc.| (default, Mar 29 2018, 13:32:41) [MSC v.1900 64 bit (AMD64)]",
        "command_line_arguments": "D:\\Bojidar\\Software\\Anaconda\\envs\\env\\Scripts\\mlagents-learn config/FlyToGoal2.yaml --env=./Builds/Drone navigation RL --time-scale=20 --quality-level=0 --width=1200 --height=960 --run-id=Test2.76",
        "mlagents_version": "0.28.0",
        "mlagents_envs_version": "0.28.0",
        "communication_protocol_version": "1.5.0",
        "pytorch_version": "1.7.1+cu110",
        "numpy_version": "1.19.5",
        "end_time_seconds": "1670868591"
    },
    "total": 24264.8469472,
    "count": 1,
    "self": 0.4903913999987708,
    "children": {
        "run_training.setup": {
            "total": 0.2277574,
            "count": 1,
            "self": 0.2277574
        },
        "TrainerController.start_learning": {
            "total": 24264.1287984,
            "count": 1,
            "self": 20.717467599970405,
            "children": {
                "TrainerController._reset_env": {
                    "total": 7.8485173999999995,
                    "count": 1,
                    "self": 7.8485173999999995
                },
                "TrainerController.advance": {
                    "total": 24235.06418340003,
                    "count": 637282,
                    "self": 10.791416100044444,
                    "children": {
                        "env_step": {
                            "total": 24224.272767299986,
                            "count": 637282,
                            "self": 13607.415980299342,
                            "children": {
                                "SubprocessEnvManager._take_step": {
                                    "total": 10606.52728329921,
                                    "count": 637282,
                                    "self": 55.65909019928222,
                                    "children": {
                                        "TorchPolicy.evaluate": {
                                            "total": 10550.868193099928,
                                            "count": 625041,
                                            "self": 2903.04831530071,
                                            "children": {
                                                "TorchPolicy.sample_actions": {
                                                    "total": 7647.819877799218,
                                                    "count": 625041,
                                                    "self": 7647.819877799218
                                                }
                                            }
                                        }
                                    }
                                },
                                "workers": {
                                    "total": 10.329503701433303,
                                    "count": 637282,
                                    "self": 0.0,
                                    "children": {
                                        "worker_root": {
                                            "total": 24230.06366150055,