{
    "name": "root",
    "gauges": {
        "FlyToGoal.Policy.Entropy.mean": {
            "value": 1.1345669031143188,
            "min": 1.134552001953125,
            "max": 1.464227557182312,
            "count": 400
        },
        "FlyToGoal.Policy.Entropy.sum": {
            "value": 28518.47265625,
            "min": 27661.720703125,
            "max": 37532.94140625,
            "count": 400
        },
        "FlyToGoal.Step.mean": {
            "value": 9999979.0,
            "min": 24960.0,
            "max": 9999979.0,
            "count": 400
        },
        "FlyToGoal.Step.sum": {
            "value": 9999979.0,
            "min": 24960.0,
            "max": 9999979.0,
            "count": 400
        },
        "FlyToGoal.Policy.ExtrinsicValueEstimate.mean": {
            "value": 45644.79296875,
            "min": -751.0650024414062,
            "max": 59319.24609375,
            "count": 400
        },
        "FlyToGoal.Policy.ExtrinsicValueEstimate.sum": {
            "value": 18440496.0,
            "min": -319953.6875,
            "max": 23964976.0,
            "count": 400
        },
        "FlyToGoal.Environment.EpisodeLength.mean": {
            "value": 1799.0,
            "min": 409.01666666666665,
            "max": 1799.0,
            "count": 400
        },
        "FlyToGoal.Environment.EpisodeLength.sum": {
            "value": 26985.0,
            "min": 15757.0,
            "max": 34512.0,
            "count": 400
        },
        "FlyToGoal.Losses.PolicyLoss.mean": {
            "value": 0.025240561430756415,
            "min": 0.01651833656554421,
            "max": 0.031497585602725545,
            "count": 400
        },
        "FlyToGoal.Losses.PolicyLoss.sum": {
            "value": 0.07572168429226925,
            "min": 0.03303667313108842,
            "max": 0.08543796099256724,
            "count": 400
        },
        "FlyToGoal.Losses.ValueLoss.mean": {
            "value": 61750332.24444445,
            "min": 8116.9140747070305,
            "max": 72510473.33333333,
            "count": 400
        },
        "FlyToGoal.Losses.ValueLoss.sum": {
            "value": 185250996.73333335,
            "min": 16233.828149414061,
            "max": 217531420.0,
            "count": 400
        },
        "FlyToGoal.Policy.LearningRate.mean": {
            "value": 4.19209860296667e-07,
            "min": 4.19209860296667e-07,
            "max": 0.00029950464016511994,
            "count": 400
        },
        "FlyToGoal.Policy.LearningRate.sum": {
            "value": 1.257629580890001e-06,
            "min": 1.257629580890001e-06,
            "max": 0.0008942630419123199,
            "count": 400
        },
        "FlyToGoal.Policy.Epsilon.mean": {
            "value": 0.10013970333333334,
            "min": 0.10013970333333334,
            "max": 0.19983488000000005,
            "count": 400
        },
        "FlyToGoal.Policy.Epsilon.sum": {
            "value": 0.30041911000000004,
            "min": 0.20079370000000007,
            "max": 0.59808768,
            "count": 400
        },
        "FlyToGoal.Policy.Beta.mean": {
            "value": 1.697119633333334e-05,
            "min": 1.697119633333334e-05,
            "max": 0.004991760512000001,
            "count": 400
        },
        "FlyToGoal.Policy.Beta.sum": {
            "value": 5.091358900000002e-05,
            "min": 5.091358900000002e-05,
            "max": 0.014904575232000002,
            "count": 400
        },
        "FlyToGoal.Environment.CumulativeReward.mean": {
            "value": 563445.60199941,
            "min": -24896.37524354458,
            "max": 725518.2802147499,
            "count": 400
        },
        "FlyToGoal.Environment.CumulativeReward.sum": {
            "value": 8451684.02999115,
            "min": -796684.0077934265,
            "max": 10320360.304969788,
            "count": 400
        },
        "FlyToGoal.Policy.ExtrinsicReward.mean": {
            "value": 563445.60199941,
            "min": -24896.37524354458,
            "max": 725518.2802147499,
            "count": 400
        },
        "FlyToGoal.Policy.ExtrinsicReward.sum": {
            "value": 8451684.02999115,
            "min": -796684.0077934265,
            "max": 10320360.304969788,
            "count": 400
        },
        "FlyToGoal.IsTraining.mean": {
            "value": 1.0,
            "min": 1.0,
            "max": 1.0,
            "count": 400
        },
        "FlyToGoal.IsTraining.sum": {
            "value": 1.0,
            "min": 1.0,
            "max": 1.0,
            "count": 400
        }
    },
    "metadata": {
        "timer_format_version": "0.1.0",
        "start_time_seconds": "1671017610",
        "python_version": "3.6.5 |Anaconda, Inc.| (default, Mar 29 2018, 13:32:41) [MSC v.1900 64 bit (AMD64)]",
        "command_line_arguments": "D:\\Bojidar\\Software\\Anaconda\\envs\\env\\Scripts\\mlagents-learn config/FlyToGoal2.yaml --env=./Builds/Drone navigation RL --time-scale=20 --quality-level=0 --width=1200 --height=960 --run-id=Test2.79",
        "mlagents_version": "0.28.0",
        "mlagents_envs_version": "0.28.0",
        "communication_protocol_version": "1.5.0",
        "pytorch_version": "1.7.1+cu110",
        "numpy_version": "1.19.5",
        "end_time_seconds": "1671044258"
    },
    "total": 26646.6045748,
    "count": 1,
    "self": 0.49680649999936577,
    "children": {
        "run_training.setup": {
            "total": 0.2591028,
            "count": 1,
            "self": 0.2591028
        },
        "TrainerController.start_learning": {
            "total": 26645.8486655,
            "count": 1,
            "self": 20.381271201451455,
            "children": {
                "TrainerController._reset_env": {
                    "total": 11.8276269,
                    "count": 1,
                    "self": 11.8276269
                },
                "TrainerController.advance": {
                    "total": 26613.33080239855,
                    "count": 632704,
                    "self": 10.574746498572495,
                    "children": {
                        "env_step": {
                            "total": 26602.756055899976,
                            "count": 632704,
                            "self": 16623.671313800478,
                            "children": {
                                "SubprocessEnvManager._take_step": {
                                    "total": 9968.74775979872,
                                    "count": 632704,
                                    "self": 55.23354559991276,
                                    "children": {
                                        "TorchPolicy.evaluate": {
                                            "total": 9913.514214198807,
                                            "count": 625041,
                                            "self": 2579.437663101109,
                                            "children": {
                                                "TorchPolicy.sample_actions": {
                                                    "total": 7334.076551097698,
                                                    "count": 625041,
                                                    "self": 7334.076551097698
                                                }
                                            }
                                        }
                                    }
                                },
                                "workers": {
                                    "total": 10.33698230077892,
                                    "count": 632704,
                                    "self": 0.0,
                                    "children": {
                                        "worker_root": {
                                            "total": 26610.955748400225,
                                            "count": 632704,