{
    "name": "root",
    "gauges": {
        "FlyToGoal.Policy.Entropy.mean": {
            "value": 1.158775806427002,
            "min": 1.158775806427002,
            "max": 1.4226371049880981,
            "count": 48
        },
        "FlyToGoal.Policy.Entropy.sum": {
            "value": 29089.908203125,
            "min": 28566.548828125,
            "max": 36418.62890625,
            "count": 48
        },
        "FlyToGoal.Step.mean": {
            "value": 1199984.0,
            "min": 24944.0,
            "max": 1199984.0,
            "count": 48
        },
        "FlyToGoal.Step.sum": {
            "value": 1199984.0,
            "min": 24944.0,
            "max": 1199984.0,
            "count": 48
        },
        "FlyToGoal.Policy.ExtrinsicValueEstimate.mean": {
            "value": 5.7211713790893555,
            "min": -652.6972045898438,
            "max": 5.7211713790893555,
            "count": 48
        },
        "FlyToGoal.Policy.ExtrinsicValueEstimate.sum": {
            "value": 2374.2861328125,
            "min": -275438.21875,
            "max": 2374.2861328125,
            "count": 48
        },
        "FlyToGoal.Environment.EpisodeLength.mean": {
            "value": 479.0,
            "min": 478.6666666666667,
            "max": 479.0,
            "count": 48
        },
        "FlyToGoal.Environment.EpisodeLength.sum": {
            "value": 22992.0,
            "min": 22976.0,
            "max": 30656.0,
            "count": 48
        },
        "FlyToGoal.Environment.CumulativeReward.mean": {
            "value": 1641.0955441533304,
            "min": -2879.9081586201987,
            "max": 1641.0955441533304,
            "count": 48
        },
        "FlyToGoal.Environment.CumulativeReward.sum": {
            "value": 80413.68166351318,
            "min": -158255.7096862793,
            "max": 99543.47761487961,
            "count": 48
        },
        "FlyToGoal.Policy.ExtrinsicReward.mean": {
            "value": 1641.0955441533304,
            "min": -2879.9081586201987,
            "max": 1641.0955441533304,
            "count": 48
        },
        "FlyToGoal.Policy.ExtrinsicReward.sum": {
            "value": 80413.68166351318,
            "min": -158255.7096862793,
            "max": 99543.47761487961,
            "count": 48
        },
        "FlyToGoal.Losses.PolicyLoss.mean": {
            "value": 0.021033929095067308,
            "min": 0.018384873474750554,
            "max": 0.02771050363186408,
            "count": 48
        },
        "FlyToGoal.Losses.PolicyLoss.sum": {
            "value": 0.042067858190134616,
            "min": 0.03676974694950111,
            "max": 0.08057837123192395,
            "count": 48
        },
        "FlyToGoal.Losses.ValueLoss.mean": {
            "value": 2127.1798413825754,
            "min": 662.6872674190637,
            "max": 6245.189029947916,
            "count": 48
        },
        "FlyToGoal.Losses.ValueLoss.sum": {
            "value": 4254.359682765151,
            "min": 1325.3745348381274,
            "max": 16010.758937026516,
            "count": 48
        },
        "FlyToGoal.Policy.LearningRate.mean": {
            "value": 0.0002553702148766,
            "min": 0.0002553702148766,
            "max": 0.0002993958002014,
            "count": 48
        },
        "FlyToGoal.Policy.LearningRate.sum": {
            "value": 0.0005107404297532,
            "min": 0.0005107404297532,
            "max": 0.0008901714032761999,
            "count": 48
        },
        "FlyToGoal.Policy.Epsilon.mean": {
            "value": 0.1851234,
            "min": 0.1851234,
            "max": 0.19979860000000005,
            "count": 48
        },
        "FlyToGoal.Policy.Epsilon.sum": {
            "value": 0.3702468,
            "min": 0.3702468,
            "max": 0.5967238,
            "count": 48
        },
        "FlyToGoal.Policy.Beta.mean": {
            "value": 0.004257657660000001,
            "min": 0.004257657660000001,
            "max": 0.00498995014,
            "count": 48
        },
        "FlyToGoal.Policy.Beta.sum": {
            "value": 0.008515315320000001,
            "min": 0.008515315320000001,
            "max": 0.01483651762,
            "count": 48
        },
        "FlyToGoal.IsTraining.mean": {
            "value": 1.0,
            "min": 1.0,
            "max": 1.0,
            "count": 48
        },
        "FlyToGoal.IsTraining.sum": {
            "value": 1.0,
            "min": 1.0,
            "max": 1.0,
            "count": 48
        }
    },
    "metadata": {
        "timer_format_version": "0.1.0",
        "start_time_seconds": "1668985785",
        "python_version": "3.6.5 |Anaconda, Inc.| (default, Mar 29 2018, 13:32:41) [MSC v.1900 64 bit (AMD64)]",
        "command_line_arguments": "D:\\Bojidar\\Software\\Anaconda\\envs\\env\\Scripts\\mlagents-learn config/FlyToGoal2.yaml --run-id=Test2.19",
        "mlagents_version": "0.28.0",
        "mlagents_envs_version": "0.28.0",
        "communication_protocol_version": "1.5.0",
        "pytorch_version": "1.7.1+cu110",
        "numpy_version": "1.19.5",
        "end_time_seconds": "1668987184"
    },
    "total": 1398.9758167,
    "count": 1,
    "self": 0.007025700000212964,
    "children": {
        "run_training.setup": {
            "total": 0.1489811,
            "count": 1,
            "self": 0.1489811
        },
        "TrainerController.start_learning": {
            "total": 1398.8198098999999,
            "count": 1,
            "self": 2.363052900023149,
            "children": {
                "TrainerController._reset_env": {
                    "total": 14.6797871,
                    "count": 1,
                    "self": 14.6797871
                },
                "TrainerController.advance": {
                    "total": 1381.6312553999767,
                    "count": 75377,
                    "self": 1.1794929999603028,
                    "children": {
                        "env_step": {
                            "total": 1380.4517624000164,
                            "count": 75377,
                            "self": 946.9552210000159,
                            "children": {
                                "SubprocessEnvManager._take_step": {
                                    "total": 432.34475229999157,
                                    "count": 75378,
                                    "self": 6.375884399982965,
                                    "children": {
                                        "TorchPolicy.evaluate": {
                                            "total": 425.9688679000086,
                                            "count": 75378,
                                            "self": 105.44159889999924,
                                            "children": {
                                                "TorchPolicy.sample_actions": {
                                                    "total": 320.52726900000937,
                                                    "count": 75378,
                                                    "self": 320.52726900000937
                                                }
                                            }
                                        }
                                    }
                                },
                                "workers": {
                                    "total": 1.1517891000089744,
                                    "count": 75376,
                                    "self": 0.0,
                                    "children": {
                                        "worker_root": {
                                            "total": 1357.3930707999978,
                                            "count": 75376,
                                            "is_parallel": true,
                                            "self": 600.1719261000218,