{
    "name": "root",
    "gauges": {
        "FlyToGoal.Policy.Entropy.mean": {
            "value": 1.183058738708496,
            "min": 1.1818931102752686,
            "max": 1.1835986375808716,
            "count": 52
        },
        "FlyToGoal.Policy.Entropy.sum": {
            "value": 29718.435546875,
            "min": 22363.728515625,
            "max": 30596.2265625,
            "count": 52
        },
        "FlyToGoal.Environment.EpisodeLength.mean": {
            "value": 828.551724137931,
            "min": 292.45652173913044,
            "max": 1126.0,
            "count": 52
        },
        "FlyToGoal.Environment.EpisodeLength.sum": {
            "value": 24028.0,
            "min": 13453.0,
            "max": 29600.0,
            "count": 52
        },
        "FlyToGoal.Step.mean": {
            "value": 9999966.0,
            "min": 8724954.0,
            "max": 9999966.0,
            "count": 52
        },
        "FlyToGoal.Step.sum": {
            "value": 9999966.0,
            "min": 8724954.0,
            "max": 9999966.0,
            "count": 52
        },
        "FlyToGoal.Policy.ExtrinsicValueEstimate.mean": {
            "value": 5617.24951171875,
            "min": 4726.7236328125,
            "max": 6286.7294921875,
            "count": 52
        },
        "FlyToGoal.Policy.ExtrinsicValueEstimate.sum": {
            "value": 2297455.0,
            "min": 1916771.25,
            "max": 2579198.5,
            "count": 52
        },
        "FlyToGoal.Environment.CumulativeReward.mean": {
            "value": 29181.393938788053,
            "min": 8514.201367264208,
            "max": 47860.528267974856,
            "count": 52
        },
        "FlyToGoal.Environment.CumulativeReward.sum": {
            "value": 846260.4242248535,
            "min": 391653.2628941536,
            "max": 1432623.8431577682,
            "count": 52
        },
        "FlyToGoal.Policy.ExtrinsicReward.mean": {
            "value": 29181.393938788053,
            "min": 8514.201367264208,
            "max": 47860.528267974856,
            "count": 52
        },
        "FlyToGoal.Policy.ExtrinsicReward.sum": {
            "value": 846260.4242248535,
            "min": 391653.2628941536,
            "max": 1432623.8431577682,
            "count": 52
        },
        "FlyToGoal.Losses.PolicyLoss.mean": {
            "value": 0.024607728243184586,
            "min": 0.019011854349325102,
            "max": 0.02759850788085411,
            "count": 52
        },
        "FlyToGoal.Losses.PolicyLoss.sum": {
            "value": 0.04921545648636917,
            "min": 0.023260793012256423,
            "max": 0.07676145920219521,
            "count": 52
        },
        "FlyToGoal.Losses.ValueLoss.mean": {
            "value": 8119463.929166667,
            "min": 1263191.2822916666,
            "max": 16813703.83125,
            "count": 52
        },
        "FlyToGoal.Losses.ValueLoss.sum": {
            "value": 16238927.858333334,
            "min": 2526382.564583333,
            "max": 33627407.6625,
            "count": 52
        },
        "FlyToGoal.Policy.LearningRate.mean": {
            "value": 3.9867986714000397e-07,
            "min": 3.9867986714000397e-07,
            "max": 3.849416716864001e-05,
            "count": 52
        },
        "FlyToGoal.Policy.LearningRate.sum": {
            "value": 7.973597342800079e-07,
            "min": 7.973597342800079e-07,
            "max": 0.00011362937212363,
            "count": 52
        },
        "FlyToGoal.Policy.Epsilon.mean": {
            "value": 0.10013285999999999,
            "min": 0.10013285999999999,
            "max": 0.11283135999999999,
            "count": 52
        },
        "FlyToGoal.Policy.Epsilon.sum": {
            "value": 0.20026571999999998,
            "min": 0.11283135999999999,
            "max": 0.3378763700000001,
            "count": 52
        },
        "FlyToGoal.Policy.Beta.mean": {
            "value": 1.6629714000000067e-05,
            "min": 1.6629714000000067e-05,
            "max": 0.0006502848640000004,
            "count": 52
        },
        "FlyToGoal.Policy.Beta.sum": {
            "value": 3.3259428000000134e-05,
            "min": 3.3259428000000134e-05,
            "max": 0.0019200308630000005,
            "count": 52
        },
        "FlyToGoal.IsTraining.mean": {
            "value": 1.0,
            "min": 1.0,
            "max": 1.0,
            "count": 52
        },
        "FlyToGoal.IsTraining.sum": {
            "value": 1.0,
            "min": 1.0,
            "max": 1.0,
            "count": 52
        }
    },
    "metadata": {
        "timer_format_version": "0.1.0",
        "start_time_seconds": "1671004345",
        "python_version": "3.6.5 |Anaconda, Inc.| (default, Mar 29 2018, 13:32:41) [MSC v.1900 64 bit (AMD64)]",
        "command_line_arguments": "D:\\Bojidar\\Software\\Anaconda\\envs\\env\\Scripts\\mlagents-learn config/FlyToGoal2.yaml --env=./Builds/Drone navigation RL --time-scale=20 --quality-level=0 --width=1200 --height=960 --run-id=Test2.78 --resume",
        "mlagents_version": "0.28.0",
        "mlagents_envs_version": "0.28.0",
        "communication_protocol_version": "1.5.0",
        "pytorch_version": "1.7.1+cu110",
        "numpy_version": "1.19.5",
        "end_time_seconds": "1671007133"
    },
    "total": 2788.0669894999996,
    "count": 1,
    "self": 2.4972293999999238,
    "children": {
        "run_training.setup": {
            "total": 0.2181739,
            "count": 1,
            "self": 0.2181739
        },
        "TrainerController.start_learning": {
            "total": 2785.3515862,
            "count": 1,
            "self": 2.4451861000302415,
            "children": {
                "TrainerController._reset_env": {
                    "total": 16.8502417,
                    "count": 1,
                    "self": 16.8502417
                },
                "TrainerController.advance": {
                    "total": 2765.7506107999698,
                    "count": 82692,
                    "self": 1.2778465999713262,
                    "children": {
                        "env_step": {
                            "total": 2764.4727641999984,
                            "count": 82692,
                            "self": 1582.9261878000789,
                            "children": {
                                "SubprocessEnvManager._take_step": {
                                    "total": 1180.3186520999304,
                                    "count": 82692,
                                    "self": 6.312566499906325,
                                    "children": {
                                        "TorchPolicy.evaluate": {
                                            "total": 1174.006085600024,
                                            "count": 80949,
                                            "self": 307.4164171999521,
                                            "children": {
                                                "TorchPolicy.sample_actions": {
                                                    "total": 866.589668400072,
                                                    "count": 80949,
                                                    "self": 866.589668400072
                                                }
                                            }
                                        }
                                    }
                                },
                                "workers": {
                                    "total": 1.2279242999891267,
                                    "count": 82692,
                                    "self": 0.0,
                                    "children": {
                                        "worker_root": {
                                            "total": 2770.6458046000193,
                                            "count": 82692,