{
    "name": "root",
    "gauges": {
        "FlyToGoal.Policy.Entropy.mean": {
            "value": 0.9798967242240906,
            "min": 0.9798967242240906,
            "max": 1.4224193096160889,
            "count": 128
        },
        "FlyToGoal.Policy.Entropy.sum": {
            "value": 23721.33984375,
            "min": 23721.33984375,
            "max": 35909.40625,
            "count": 128
        },
        "FlyToGoal.Step.mean": {
            "value": 3199936.0,
            "min": 24960.0,
            "max": 3199936.0,
            "count": 128
        },
        "FlyToGoal.Step.sum": {
            "value": 3199936.0,
            "min": 24960.0,
            "max": 3199936.0,
            "count": 128
        },
        "FlyToGoal.Policy.ExtrinsicValueEstimate.mean": {
            "value": 37.14359664916992,
            "min": -611.2562866210938,
            "max": 37.14359664916992,
            "count": 128
        },
        "FlyToGoal.Policy.ExtrinsicValueEstimate.sum": {
            "value": 15377.44921875,
            "min": -257955.15625,
            "max": 15377.44921875,
            "count": 128
        },
        "FlyToGoal.Environment.EpisodeLength.mean": {
            "value": 479.0,
            "min": 479.0,
            "max": 479.0,
            "count": 128
        },
        "FlyToGoal.Environment.EpisodeLength.sum": {
            "value": 22992.0,
            "min": 22992.0,
            "max": 30656.0,
            "count": 128
        },
        "FlyToGoal.Environment.CumulativeReward.mean": {
            "value": 2118.3414494196572,
            "min": -3033.6516477266946,
            "max": 2118.3414494196572,
            "count": 128
        },
        "FlyToGoal.Environment.CumulativeReward.sum": {
            "value": 101680.38957214355,
            "min": -156657.51935577393,
            "max": 132001.71169662476,
            "count": 128
        },
        "FlyToGoal.Policy.ExtrinsicReward.mean": {
            "value": 2118.3414494196572,
            "min": -3033.6516477266946,
            "max": 2118.3414494196572,
            "count": 128
        },
        "FlyToGoal.Policy.ExtrinsicReward.sum": {
            "value": 101680.38957214355,
            "min": -156657.51935577393,
            "max": 132001.71169662476,
            "count": 128
        },
        "FlyToGoal.Losses.PolicyLoss.mean": {
            "value": 0.02017500005718885,
            "min": 0.018907326826063747,
            "max": 0.028912460935922958,
            "count": 128
        },
        "FlyToGoal.Losses.PolicyLoss.sum": {
            "value": 0.0403500001143777,
            "min": 0.037814653652127495,
            "max": 0.0849884743647029,
            "count": 128
        },
        "FlyToGoal.Losses.ValueLoss.mean": {
            "value": 3665.660222833807,
            "min": 627.5280738291113,
            "max": 6371.395316569011,
            "count": 128
        },
        "FlyToGoal.Losses.ValueLoss.sum": {
            "value": 7331.320445667614,
            "min": 1318.069463741418,
            "max": 15244.502355587121,
            "count": 128
        },
        "FlyToGoal.Policy.LearningRate.mean": {
            "value": 0.00018052803982399998,
            "min": 0.00018052803982399998,
            "max": 0.00029939520020159997,
            "count": 128
        },
        "FlyToGoal.Policy.LearningRate.sum": {
            "value": 0.00036105607964799995,
            "min": 0.00036105607964799995,
            "max": 0.0008901696032767999,
            "count": 128
        },
        "FlyToGoal.Policy.Epsilon.mean": {
            "value": 0.16017599999999999,
            "min": 0.16017599999999999,
            "max": 0.19979840000000004,
            "count": 128
        },
        "FlyToGoal.Policy.Epsilon.sum": {
            "value": 0.32035199999999997,
            "min": 0.32035199999999997,
            "max": 0.5967232000000001,
            "count": 128
        },
        "FlyToGoal.Policy.Beta.mean": {
            "value": 0.0030127824000000013,
            "min": 0.0030127824000000013,
            "max": 0.00498994016,
            "count": 128
        },
        "FlyToGoal.Policy.Beta.sum": {
            "value": 0.006025564800000003,
            "min": 0.006025564800000003,
            "max": 0.01483648768,
            "count": 128
        },
        "FlyToGoal.IsTraining.mean": {
            "value": 1.0,
            "min": 1.0,
            "max": 1.0,
            "count": 128
        },
        "FlyToGoal.IsTraining.sum": {
            "value": 1.0,
            "min": 1.0,
            "max": 1.0,
            "count": 128
        }
    },
    "metadata": {
        "timer_format_version": "0.1.0",
        "start_time_seconds": "1668970983",
        "python_version": "3.6.5 |Anaconda, Inc.| (default, Mar 29 2018, 13:32:41) [MSC v.1900 64 bit (AMD64)]",
        "command_line_arguments": "D:\\Bojidar\\Software\\Anaconda\\envs\\env\\Scripts\\mlagents-learn config/FlyToGoal2.yaml --run-id=Test2.16",
        "mlagents_version": "0.28.0",
        "mlagents_envs_version": "0.28.0",
        "communication_protocol_version": "1.5.0",
        "pytorch_version": "1.7.1+cu110",
        "numpy_version": "1.19.5",
        "end_time_seconds": "1668974435"
    },
    "total": 3451.4899943,
    "count": 1,
    "self": 0.006766400000287831,
    "children": {
        "run_training.setup": {
            "total": 0.14001629999999998,
            "count": 1,
            "self": 0.14001629999999998
        },
        "TrainerController.start_learning": {
            "total": 3451.3432116,
            "count": 1,
            "self": 5.888081799995689,
            "children": {
                "TrainerController._reset_env": {
                    "total": 11.3444974,
                    "count": 1,
                    "self": 11.3444974
                },
                "TrainerController.advance": {
                    "total": 3434.0086594000045,
                    "count": 200424,
                    "self": 3.166483300076834,
                    "children": {
                        "env_step": {
                            "total": 3430.8421760999277,
                            "count": 200424,
                            "self": 2337.3818715999155,
                            "children": {
                                "SubprocessEnvManager._take_step": {
                                    "total": 1090.4924517999975,
                                    "count": 200424,
                                    "self": 16.033846800038873,
                                    "children": {
                                        "TorchPolicy.evaluate": {
                                            "total": 1074.4586049999587,
                                            "count": 200424,
                                            "self": 264.3753840999457,
                                            "children": {
                                                "TorchPolicy.sample_actions": {
                                                    "total": 810.083220900013,
                                                    "count": 200424,
                                                    "self": 810.083220900013
                                                }
                                            }
                                        }
                                    }
                                },
                                "workers": {
                                    "total": 2.967852700014637,
                                    "count": 200423,
                                    "self": 0.0,
                                    "children": {
                                        "worker_root": {
                                            "total": 3429.2707128000625,
                                            "count": 200423,
                                            "is_parallel": true,