{
    "name": "root",
    "gauges": {
        "FlyToGoal.Policy.Entropy.mean": {
            "value": 1.194911241531372,
            "min": 1.194911241531372,
            "max": 1.4268429279327393,
            "count": 88
        },
        "FlyToGoal.Policy.Entropy.sum": {
            "value": 29882.341796875,
            "min": 29755.19921875,
            "max": 36850.4296875,
            "count": 88
        },
        "FlyToGoal.Step.mean": {
            "value": 2199951.0,
            "min": 24942.0,
            "max": 2199951.0,
            "count": 88
        },
        "FlyToGoal.Step.sum": {
            "value": 2199951.0,
            "min": 24942.0,
            "max": 2199951.0,
            "count": 88
        },
        "FlyToGoal.Policy.ExtrinsicValueEstimate.mean": {
            "value": 1853.2161865234375,
            "min": -246.766357421875,
            "max": 1948.4775390625,
            "count": 88
        },
        "FlyToGoal.Policy.ExtrinsicValueEstimate.sum": {
            "value": 774644.375,
            "min": -105871.1796875,
            "max": 814463.625,
            "count": 88
        },
        "FlyToGoal.Environment.EpisodeLength.mean": {
            "value": 696.1351351351351,
            "min": 388.3333333333333,
            "max": 719.0,
            "count": 88
        },
        "FlyToGoal.Environment.EpisodeLength.sum": {
            "value": 25757.0,
            "min": 22347.0,
            "max": 27809.0,
            "count": 88
        },
        "FlyToGoal.Losses.PolicyLoss.mean": {
            "value": 0.022000309576590854,
            "min": 0.01867653506342322,
            "max": 0.0295773601004233,
            "count": 88
        },
        "FlyToGoal.Losses.PolicyLoss.sum": {
            "value": 0.04400061915318171,
            "min": 0.03735307012684644,
            "max": 0.08458468401804567,
            "count": 88
        },
        "FlyToGoal.Losses.ValueLoss.mean": {
            "value": 2027.646358235677,
            "min": 1067.5298817952475,
            "max": 49945.40940200344,
            "count": 88
        },
        "FlyToGoal.Losses.ValueLoss.sum": {
            "value": 4055.292716471354,
            "min": 2135.059763590495,
            "max": 99890.81880400688,
            "count": 88
        },
        "FlyToGoal.Policy.LearningRate.mean": {
            "value": 0.00021796213984596249,
            "min": 0.00021796213984596249,
            "max": 0.0002993822064559312,
            "count": 88
        },
        "FlyToGoal.Policy.LearningRate.sum": {
            "value": 0.00043592427969192497,
            "min": 0.00043592427969192497,
            "max": 0.0008928960773679747,
            "count": 88
        },
        "FlyToGoal.Policy.Epsilon.mean": {
            "value": 0.17265403750000002,
            "min": 0.17265403750000002,
            "max": 0.19979406875,
            "count": 88
        },
        "FlyToGoal.Policy.Epsilon.sum": {
            "value": 0.34530807500000005,
            "min": 0.34530807500000005,
            "max": 0.597632025,
            "count": 88
        },
        "FlyToGoal.Policy.Beta.mean": {
            "value": 0.0036354364712499997,
            "min": 0.0036354364712499997,
            "max": 0.004989724030625,
            "count": 88
        },
        "FlyToGoal.Policy.Beta.sum": {
            "value": 0.007270872942499999,
            "min": 0.007270872942499999,
            "max": 0.014881838047499998,
            "count": 88
        },
        "FlyToGoal.Environment.CumulativeReward.mean": {
            "value": 6367.149118165712,
            "min": -7018.0737649100165,
            "max": 6811.664735412598,
            "count": 88
        },
        "FlyToGoal.Environment.CumulativeReward.sum": {
            "value": 235584.51737213135,
            "min": -245632.5817718506,
            "max": 250063.54967164993,
            "count": 88
        },
        "FlyToGoal.Policy.ExtrinsicReward.mean": {
            "value": 6367.149118165712,
            "min": -7018.0737649100165,
            "max": 6811.664735412598,
            "count": 88
        },
        "FlyToGoal.Policy.ExtrinsicReward.sum": {
            "value": 235584.51737213135,
            "min": -245632.5817718506,
            "max": 250063.54967164993,
            "count": 88
        },
        "FlyToGoal.IsTraining.mean": {
            "value": 1.0,
            "min": 1.0,
            "max": 1.0,
            "count": 88
        },
        "FlyToGoal.IsTraining.sum": {
            "value": 1.0,
            "min": 1.0,
            "max": 1.0,
            "count": 88
        }
    },
    "metadata": {
        "timer_format_version": "0.1.0",
        "start_time_seconds": "1670098935",
        "python_version": "3.6.5 |Anaconda, Inc.| (default, Mar 29 2018, 13:32:41) [MSC v.1900 64 bit (AMD64)]",
        "command_line_arguments": "D:\\Bojidar\\Software\\Anaconda\\envs\\env\\Scripts\\mlagents-learn config/FlyToGoal2.yaml --run-id=Test2.53 --env=./Builds/Drone navigation RL --time-scale=20 --quality-level=0 --width=640 --height=512",
        "mlagents_version": "0.28.0",
        "mlagents_envs_version": "0.28.0",
        "communication_protocol_version": "1.5.0",
        "pytorch_version": "1.7.1+cu110",
        "numpy_version": "1.19.5",
        "end_time_seconds": "1670104243"
    },
    "total": 5307.5442926000005,
    "count": 1,
    "self": 0.0830909000005704,
    "children": {
        "run_training.setup": {
            "total": 0.1381223,
            "count": 1,
            "self": 0.1381223
        },
        "TrainerController.start_learning": {
            "total": 5307.3230794,
            "count": 1,
            "self": 4.3883951000543675,
            "children": {
                "TrainerController._reset_env": {
                    "total": 7.417317199999999,
                    "count": 1,
                    "self": 7.417317199999999
                },
                "TrainerController.advance": {
                    "total": 5295.227386799946,
                    "count": 141673,
                    "self": 2.336524600100347,
                    "children": {
                        "env_step": {
                            "total": 5292.890862199845,
                            "count": 141673,
                            "self": 3177.5402624998364,
                            "children": {
                                "SubprocessEnvManager._take_step": {
                                    "total": 2113.1570378999604,
                                    "count": 141673,
                                    "self": 11.95398970001861,
                                    "children": {
                                        "TorchPolicy.evaluate": {
                                            "total": 2101.203048199942,
                                            "count": 138564,
                                            "self": 575.3543143999377,
                                            "children": {
                                                "TorchPolicy.sample_actions": {
                                                    "total": 1525.848733800004,
                                                    "count": 138564,
                                                    "self": 1525.848733800004
                                                }
                                            }
                                        }
                                    }
                                },
                                "workers": {
                                    "total": 2.193561800048479,
                                    "count": 141672,
                                    "self": 0.0,
                                    "children": {
                                        "worker_root": {
                                            "total": 5294.980890200038,
                                            "count": 141672,