{
    "name": "root",
    "gauges": {
        "FlyToGoal.Policy.Entropy.mean": {
            "value": 1.0902714729309082,
            "min": 1.0902714729309082,
            "max": 1.118561863899231,
            "count": 80
        },
        "FlyToGoal.Policy.Entropy.sum": {
            "value": 27282.953125,
            "min": 19680.888671875,
            "max": 28540.9140625,
            "count": 80
        },
        "FlyToGoal.Step.mean": {
            "value": 7999979.0,
            "min": 6024938.0,
            "max": 7999979.0,
            "count": 80
        },
        "FlyToGoal.Step.sum": {
            "value": 7999979.0,
            "min": 6024938.0,
            "max": 7999979.0,
            "count": 80
        },
        "FlyToGoal.Policy.ExtrinsicValueEstimate.mean": {
            "value": 11325.306640625,
            "min": 8847.318359375,
            "max": 11414.416015625,
            "count": 80
        },
        "FlyToGoal.Policy.ExtrinsicValueEstimate.sum": {
            "value": 4733978.0,
            "min": 2512638.5,
            "max": 4771226.0,
            "count": 80
        },
        "FlyToGoal.Environment.EpisodeLength.mean": {
            "value": 432.57142857142856,
            "min": 430.58620689655174,
            "max": 479.0,
            "count": 80
        },
        "FlyToGoal.Environment.EpisodeLength.sum": {
            "value": 24224.0,
            "min": 14770.0,
            "max": 26607.0,
            "count": 80
        },
        "FlyToGoal.Environment.CumulativeReward.mean": {
            "value": 25185.13794675895,
            "min": 20945.527509203144,
            "max": 27439.885665328413,
            "count": 80
        },
        "FlyToGoal.Environment.CumulativeReward.sum": {
            "value": 1410367.7250185013,
            "min": 674293.5734558105,
            "max": 1486289.5616321564,
            "count": 80
        },
        "FlyToGoal.Policy.ExtrinsicReward.mean": {
            "value": 25185.13794675895,
            "min": 20945.527509203144,
            "max": 27439.885665328413,
            "count": 80
        },
        "FlyToGoal.Policy.ExtrinsicReward.sum": {
            "value": 1410367.7250185013,
            "min": 674293.5734558105,
            "max": 1486289.5616321564,
            "count": 80
        },
        "FlyToGoal.Losses.PolicyLoss.mean": {
            "value": 0.02642629584297538,
            "min": 0.01763733282374839,
            "max": 0.028785784159683515,
            "count": 80
        },
        "FlyToGoal.Losses.PolicyLoss.sum": {
            "value": 0.05285259168595076,
            "min": 0.01763733282374839,
            "max": 0.08635735247905055,
            "count": 80
        },
        "FlyToGoal.Losses.ValueLoss.mean": {
            "value": 830598.6463541667,
            "min": 394897.203125,
            "max": 886423.5697916667,
            "count": 80
        },
        "FlyToGoal.Losses.ValueLoss.sum": {
            "value": 1661197.2927083333,
            "min": 467247.528125,
            "max": 1997085.68125,
            "count": 80
        },
        "FlyToGoal.Policy.LearningRate.mean": {
            "value": 4.023061159312478e-07,
            "min": 4.023061159312478e-07,
            "max": 7.430703773101248e-05,
            "count": 80
        },
        "FlyToGoal.Policy.LearningRate.sum": {
            "value": 8.046122318624956e-07,
            "min": 8.046122318624956e-07,
            "max": 0.0002181704647765875,
            "count": 80
        },
        "FlyToGoal.Policy.Epsilon.mean": {
            "value": 0.10013406875000003,
            "min": 0.10013406875000003,
            "max": 0.1247689875,
            "count": 80
        },
        "FlyToGoal.Policy.Epsilon.sum": {
            "value": 0.20026813750000005,
            "min": 0.1247689875,
            "max": 0.37272341249999996,
            "count": 80
        },
        "FlyToGoal.Policy.Beta.mean": {
            "value": 1.669003062499997e-05,
            "min": 1.669003062499997e-05,
            "max": 0.00124597247625,
            "count": 80
        },
        "FlyToGoal.Policy.Beta.sum": {
            "value": 3.338006124999994e-05,
            "min": 3.338006124999994e-05,
            "max": 0.00365889828375,
            "count": 80
        },
        "FlyToGoal.IsTraining.mean": {
            "value": 1.0,
            "min": 1.0,
            "max": 1.0,
            "count": 80
        },
        "FlyToGoal.IsTraining.sum": {
            "value": 1.0,
            "min": 1.0,
            "max": 1.0,
            "count": 80
        }
    },
    "metadata": {
        "timer_format_version": "0.1.0",
        "start_time_seconds": "1669454862",
        "python_version": "3.6.5 |Anaconda, Inc.| (default, Mar 29 2018, 13:32:41) [MSC v.1900 64 bit (AMD64)]",
        "command_line_arguments": "D:\\Bojidar\\Software\\Anaconda\\envs\\env\\Scripts\\mlagents-learn config/FlyToGoal2.yaml --run-id=Test2.32 --resume",
        "mlagents_version": "0.28.0",
        "mlagents_envs_version": "0.28.0",
        "communication_protocol_version": "1.5.0",
        "pytorch_version": "1.7.1+cu110",
        "numpy_version": "1.19.5",
        "end_time_seconds": "1669458734"
    },
    "total": 3871.764747,
    "count": 1,
    "self": 0.01387830000021495,
    "children": {
        "run_training.setup": {
            "total": 0.1384656,
            "count": 1,
            "self": 0.1384656
        },
        "TrainerController.start_learning": {
            "total": 3871.6124031,
            "count": 1,
            "self": 3.885743300021204,
            "children": {
                "TrainerController._reset_env": {
                    "total": 19.8499622,
                    "count": 1,
                    "self": 19.8499622
                },
                "TrainerController.advance": {
                    "total": 3847.690626999979,
                    "count": 128364,
                    "self": 1.9693562999909773,
                    "children": {
                        "env_step": {
                            "total": 3845.721270699988,
                            "count": 128364,
                            "self": 2429.5532541999946,
                            "children": {
                                "SubprocessEnvManager._take_step": {
                                    "total": 1414.2430582000015,
                                    "count": 128364,
                                    "self": 10.059156699988307,
                                    "children": {
                                        "TorchPolicy.evaluate": {
                                            "total": 1404.1839015000132,
                                            "count": 124558,
                                            "self": 381.6077107000127,
                                            "children": {
                                                "TorchPolicy.sample_actions": {
                                                    "total": 1022.5761908000005,
                                                    "count": 124558,
                                                    "self": 1022.5761908000005
                                                }
                                            }
                                        }
                                    }
                                },
                                "workers": {
                                    "total": 1.9249582999920491,
                                    "count": 128364,
                                    "self": 0.0,
                                    "children": {
                                        "worker_root": {
                                            "total": 3856.159833500023,
                                            "count": 128364,
                                            "is_parallel": true,
                                            "self": 1758.3251967000942,