{
    "name": "root",
    "gauges": {
        "FlyToGoal.Policy.Entropy.mean": {
            "value": 1.0412918329238892,
            "min": 1.0412918329238892,
            "max": 1.076952576637268,
            "count": 16
        },
        "FlyToGoal.Policy.Entropy.sum": {
            "value": 26057.287109375,
            "min": 68.92496490478516,
            "max": 26917.033203125,
            "count": 16
        },
        "FlyToGoal.IsTraining.mean": {
            "value": 1.0,
            "min": 1.0,
            "max": 1.0,
            "count": 16
        },
        "FlyToGoal.IsTraining.sum": {
            "value": 1.0,
            "min": 1.0,
            "max": 1.0,
            "count": 16
        },
        "FlyToGoal.Step.mean": {
            "value": 2124979.0,
            "min": 1774990.0,
            "max": 2124979.0,
            "count": 15
        },
        "FlyToGoal.Step.sum": {
            "value": 2124979.0,
            "min": 1774990.0,
            "max": 2124979.0,
            "count": 15
        },
        "FlyToGoal.Policy.ExtrinsicValueEstimate.mean": {
            "value": 431.73455810546875,
            "min": 363.849609375,
            "max": 431.73455810546875,
            "count": 15
        },
        "FlyToGoal.Policy.ExtrinsicValueEstimate.sum": {
            "value": 180033.3125,
            "min": 151725.28125,
            "max": 180033.3125,
            "count": 15
        },
        "FlyToGoal.Environment.EpisodeLength.mean": {
            "value": 479.0,
            "min": 473.1698113207547,
            "max": 479.0,
            "count": 15
        },
        "FlyToGoal.Environment.EpisodeLength.sum": {
            "value": 24908.0,
            "min": 24908.0,
            "max": 25093.0,
            "count": 15
        },
        "FlyToGoal.Environment.CumulativeReward.mean": {
            "value": 1037.6538461538462,
            "min": 911.7115384615385,
            "max": 1037.6538461538462,
            "count": 15
        },
        "FlyToGoal.Environment.CumulativeReward.sum": {
            "value": 53958.0,
            "min": 47409.0,
            "max": 53958.0,
            "count": 15
        },
        "FlyToGoal.Policy.ExtrinsicReward.mean": {
            "value": 1037.6538461538462,
            "min": 911.7115384615385,
            "max": 1037.6538461538462,
            "count": 15
        },
        "FlyToGoal.Policy.ExtrinsicReward.sum": {
            "value": 53958.0,
            "min": 47409.0,
            "max": 53958.0,
            "count": 15
        },
        "FlyToGoal.Losses.PolicyLoss.mean": {
            "value": 0.02624733711515243,
            "min": 0.019760650621416666,
            "max": 0.028434594712841016,
            "count": 15
        },
        "FlyToGoal.Losses.PolicyLoss.sum": {
            "value": 0.05249467423030486,
            "min": 0.03952130124283333,
            "max": 0.07713322786148638,
            "count": 15
        },
        "FlyToGoal.Losses.ValueLoss.mean": {
            "value": 69.42585805257161,
            "min": 69.42585805257161,
            "max": 402.92408701578773,
            "count": 15
        },
        "FlyToGoal.Losses.ValueLoss.sum": {
            "value": 138.85171610514323,
            "min": 138.85171610514323,
            "max": 839.6040622711182,
            "count": 15
        },
        "FlyToGoal.Policy.LearningRate.mean": {
            "value": 4.619492460172e-05,
            "min": 4.619492460172e-05,
            "max": 8.815519061495999e-05,
            "count": 15
        },
        "FlyToGoal.Policy.LearningRate.sum": {
            "value": 9.238984920344e-05,
            "min": 9.238984920344e-05,
            "max": 0.00024780189739944,
            "count": 15
        },
        "FlyToGoal.Policy.Epsilon.mean": {
            "value": 0.11539828000000003,
            "min": 0.11539828000000003,
            "max": 0.12938504,
            "count": 15
        },
        "FlyToGoal.Policy.Epsilon.sum": {
            "value": 0.23079656000000007,
            "min": 0.23079656000000007,
            "max": 0.38260056000000003,
            "count": 15
        },
        "FlyToGoal.Policy.Beta.mean": {
            "value": 0.0007783741719999998,
            "min": 0.0007783741719999998,
            "max": 0.0014763134960000006,
            "count": 15
        },
        "FlyToGoal.Policy.Beta.sum": {
            "value": 0.0015567483439999997,
            "min": 0.0015567483439999997,
            "max": 0.004151767944,
            "count": 15
        }
    },
    "metadata": {
        "timer_format_version": "0.1.0",
        "start_time_seconds": "1668687511",
        "python_version": "3.6.5 |Anaconda, Inc.| (default, Mar 29 2018, 13:32:41) [MSC v.1900 64 bit (AMD64)]",
        "command_line_arguments": "D:\\Bojidar\\Software\\Anaconda\\envs\\env\\Scripts\\mlagents-learn config/FlyToGoal.yaml --run-id=Test7 --resume",
        "mlagents_version": "0.28.0",
        "mlagents_envs_version": "0.28.0",
        "communication_protocol_version": "1.5.0",
        "pytorch_version": "1.7.1+cu110",
        "numpy_version": "1.19.5",
        "end_time_seconds": "1668693685"
    },
    "total": 6174.3876462,
    "count": 1,
    "self": 0.00622760000078415,
    "children": {
        "run_training.setup": {
            "total": 0.3033325,
            "count": 1,
            "self": 0.3033325
        },
        "TrainerController.start_learning": {
            "total": 6174.078086099999,
            "count": 1,
            "self": 11.21774500025731,
            "children": {
                "TrainerController._reset_env": {
                    "total": 34.1532032,
                    "count": 1,
                    "self": 34.1532032
                },
                "TrainerController.advance": {
                    "total": 6128.234610499742,
                    "count": 387458,
                    "self": 5.6454704995894645,
                    "children": {
                        "env_step": {
                            "total": 6122.589140000153,
                            "count": 387458,
                            "self": 3961.2983545000634,
                            "children": {
                                "SubprocessEnvManager._take_step": {
                                    "total": 2155.713205600233,
                                    "count": 387458,
                                    "self": 27.401933000114695,
                                    "children": {
                                        "TorchPolicy.evaluate": {
                                            "total": 2128.311272600118,
                                            "count": 387067,
                                            "self": 992.5150931000076,
                                            "children": {
                                                "TorchPolicy.sample_actions": {
                                                    "total": 1135.7961795001106,
                                                    "count": 387067,
                                                    "self": 1135.7961795001106
                                                }
                                            }
                                        }
                                    }
                                },
                                "workers": {
                                    "total": 5.577579899856595,
                                    "count": 387457,
                                    "self": 0.0,
                                    "children": {
                                        "worker_root": {
                                            "total": 6108.219716700031,
                                            "count": 387457,
                                            "is_parallel": true,
                                            "self": 2685.9270564001035,