{
    "name": "root",
    "gauges": {
        "FlyToGoal.Policy.Entropy.mean": {
            "value": 1.2143398523330688,
            "min": 1.2143398523330688,
            "max": 1.452411413192749,
            "count": 160
        },
        "FlyToGoal.Policy.Entropy.sum": {
            "value": 30523.646484375,
            "min": 30192.4375,
            "max": 36629.06640625,
            "count": 160
        },
        "FlyToGoal.Step.mean": {
            "value": 3999991.0,
            "min": 24960.0,
            "max": 3999991.0,
            "count": 160
        },
        "FlyToGoal.Step.sum": {
            "value": 3999991.0,
            "min": 24960.0,
            "max": 3999991.0,
            "count": 160
        },
        "FlyToGoal.Policy.ExtrinsicValueEstimate.mean": {
            "value": 5264.14501953125,
            "min": -384.22259521484375,
            "max": 5264.14501953125,
            "count": 160
        },
        "FlyToGoal.Policy.ExtrinsicValueEstimate.sum": {
            "value": 2210941.0,
            "min": -162910.375,
            "max": 2210941.0,
            "count": 160
        },
        "FlyToGoal.Environment.EpisodeLength.mean": {
            "value": 473.4642857142857,
            "min": 428.0181818181818,
            "max": 479.0,
            "count": 160
        },
        "FlyToGoal.Environment.EpisodeLength.sum": {
            "value": 26514.0,
            "min": 22865.0,
            "max": 30656.0,
            "count": 160
        },
        "FlyToGoal.Environment.CumulativeReward.mean": {
            "value": 13527.707957642418,
            "min": -2638.026525259018,
            "max": 13527.707957642418,
            "count": 160
        },
        "FlyToGoal.Environment.CumulativeReward.sum": {
            "value": 757551.6456279755,
            "min": -126625.27321243286,
            "max": 757551.6456279755,
            "count": 160
        },
        "FlyToGoal.Policy.ExtrinsicReward.mean": {
            "value": 13527.707957642418,
            "min": -2638.026525259018,
            "max": 13527.707957642418,
            "count": 160
        },
        "FlyToGoal.Policy.ExtrinsicReward.sum": {
            "value": 757551.6456279755,
            "min": -126625.27321243286,
            "max": 757551.6456279755,
            "count": 160
        },
        "FlyToGoal.Losses.PolicyLoss.mean": {
            "value": 0.020292729097935888,
            "min": 0.017814233472260337,
            "max": 0.029484363922124935,
            "count": 160
        },
        "FlyToGoal.Losses.PolicyLoss.sum": {
            "value": 0.060878187293807666,
            "min": 0.035628466944520674,
            "max": 0.08845309176637481,
            "count": 160
        },
        "FlyToGoal.Losses.ValueLoss.mean": {
            "value": 284392.7605902778,
            "min": 2376.32763634884,
            "max": 356272.65234375,
            "count": 160
        },
        "FlyToGoal.Losses.ValueLoss.sum": {
            "value": 853178.2817708333,
            "min": 5082.376521070076,
            "max": 949498.7124999999,
            "count": 160
        },
        "FlyToGoal.Policy.LearningRate.mean": {
            "value": 0.00015054831231724585,
            "min": 0.00015054831231724585,
            "max": 0.00029939520020159997,
            "count": 160
        },
        "FlyToGoal.Policy.LearningRate.sum": {
            "value": 0.0004516449369517375,
            "min": 0.0003030244364918875,
            "max": 0.0008901696032767999,
            "count": 160
        },
        "FlyToGoal.Policy.Epsilon.mean": {
            "value": 0.1501827541666667,
            "min": 0.1501827541666667,
            "max": 0.19979840000000004,
            "count": 160
        },
        "FlyToGoal.Policy.Epsilon.sum": {
            "value": 0.45054826250000013,
            "min": 0.30100811250000004,
            "max": 0.5967232000000001,
            "count": 160
        },
        "FlyToGoal.Policy.Beta.mean": {
            "value": 0.0025141194329166678,
            "min": 0.0025141194329166678,
            "max": 0.00498994016,
            "count": 160
        },
        "FlyToGoal.Policy.Beta.sum": {
            "value": 0.007542358298750003,
            "min": 0.00506030481375,
            "max": 0.01483648768,
            "count": 160
        },
        "FlyToGoal.IsTraining.mean": {
            "value": 1.0,
            "min": 1.0,
            "max": 1.0,
            "count": 160
        },
        "FlyToGoal.IsTraining.sum": {
            "value": 1.0,
            "min": 1.0,
            "max": 1.0,
            "count": 160
        }
    },
    "metadata": {
        "timer_format_version": "0.1.0",
        "start_time_seconds": "1669459410",
        "python_version": "3.6.5 |Anaconda, Inc.| (default, Mar 29 2018, 13:32:41) [MSC v.1900 64 bit (AMD64)]",
        "command_line_arguments": "D:\\Bojidar\\Software\\Anaconda\\envs\\env\\Scripts\\mlagents-learn config/FlyToGoal2.yaml --run-id=Test2.33 --force",
        "mlagents_version": "0.28.0",
        "mlagents_envs_version": "0.28.0",
        "communication_protocol_version": "1.5.0",
        "pytorch_version": "1.7.1+cu110",
        "numpy_version": "1.19.5",
        "end_time_seconds": "1669470015"
    },
    "total": 10604.1914361,
    "count": 1,
    "self": 0.007641000000148779,
    "children": {
        "run_training.setup": {
            "total": 0.137864,
            "count": 1,
            "self": 0.137864
        },
        "TrainerController.start_learning": {
            "total": 10604.0459311,
            "count": 1,
            "self": 8.120161699514938,
            "children": {
                "TrainerController._reset_env": {
                    "total": 19.030109200000002,
                    "count": 1,
                    "self": 19.030109200000002
                },
                "TrainerController.advance": {
                    "total": 10576.190698700484,
                    "count": 256267,
                    "self": 4.242839200622257,
                    "children": {
                        "env_step": {
                            "total": 10571.947859499862,
                            "count": 256267,
                            "self": 6724.347371599804,
                            "children": {
                                "SubprocessEnvManager._take_step": {
                                    "total": 3843.6025555000924,
                                    "count": 256267,
                                    "self": 22.559421700466373,
                                    "children": {
                                        "TorchPolicy.evaluate": {
                                            "total": 3821.043133799626,
                                            "count": 250221,
                                            "self": 1047.3887570996726,
                                            "children": {
                                                "TorchPolicy.sample_actions": {
                                                    "total": 2773.6543766999534,
                                                    "count": 250221,
                                                    "self": 2773.6543766999534
                                                }
                                            }
                                        }
                                    }
                                },
                                "workers": {
                                    "total": 3.9979323999646112,
                                    "count": 256266,
                                    "self": 0.0,
                                    "children": {
                                        "worker_root": {
                                            "total": 10562.222717499826,
                                            "count": 256266,
                                            "is_parallel": true,