{
    "name": "root",
    "gauges": {
        "FlyToGoal.Policy.Entropy.mean": {
            "value": 1.282942771911621,
            "min": 1.282942771911621,
            "max": 1.4237374067306519,
            "count": 66
        },
        "FlyToGoal.Policy.Entropy.sum": {
            "value": 32104.359375,
            "min": 32033.646484375,
            "max": 35625.890625,
            "count": 66
        },
        "FlyToGoal.Step.mean": {
            "value": 1649961.0,
            "min": 24960.0,
            "max": 1649961.0,
            "count": 66
        },
        "FlyToGoal.Step.sum": {
            "value": 1649961.0,
            "min": 24960.0,
            "max": 1649961.0,
            "count": 66
        },
        "FlyToGoal.Policy.ExtrinsicValueEstimate.mean": {
            "value": 372.4892578125,
            "min": -1101.4935302734375,
            "max": 444.9241943359375,
            "count": 66
        },
        "FlyToGoal.Policy.ExtrinsicValueEstimate.sum": {
            "value": 155328.015625,
            "min": -459322.8125,
            "max": 185978.3125,
            "count": 66
        },
        "FlyToGoal.Environment.EpisodeLength.mean": {
            "value": 479.0,
            "min": 450.09090909090907,
            "max": 479.0,
            "count": 66
        },
        "FlyToGoal.Environment.EpisodeLength.sum": {
            "value": 24908.0,
            "min": 24733.0,
            "max": 25387.0,
            "count": 66
        },
        "FlyToGoal.Environment.CumulativeReward.mean": {
            "value": 1023.5708323784594,
            "min": -6151.406045033382,
            "max": 1354.4474609842841,
            "count": 66
        },
        "FlyToGoal.Environment.CumulativeReward.sum": {
            "value": 54249.25411605835,
            "min": -319873.11434173584,
            "max": 73080.17732143402,
            "count": 66
        },
        "FlyToGoal.Policy.ExtrinsicReward.mean": {
            "value": 1023.5708323784594,
            "min": -6151.406045033382,
            "max": 1354.4474609842841,
            "count": 66
        },
        "FlyToGoal.Policy.ExtrinsicReward.sum": {
            "value": 54249.25411605835,
            "min": -319873.11434173584,
            "max": 73080.17732143402,
            "count": 66
        },
        "FlyToGoal.Losses.PolicyLoss.mean": {
            "value": 0.023568306063922743,
            "min": 0.019878883869387208,
            "max": 0.0295381354012837,
            "count": 66
        },
        "FlyToGoal.Losses.PolicyLoss.sum": {
            "value": 0.047136612127845486,
            "min": 0.039757767738774416,
            "max": 0.08842696659266949,
            "count": 66
        },
        "FlyToGoal.Losses.ValueLoss.mean": {
            "value": 6757.720353190104,
            "min": 2943.8646565755207,
            "max": 32682.173209635417,
            "count": 66
        },
        "FlyToGoal.Losses.ValueLoss.sum": {
            "value": 13515.440706380208,
            "min": 5991.435815429688,
            "max": 65364.346419270834,
            "count": 66
        },
        "FlyToGoal.Policy.LearningRate.mean": {
            "value": 0.0001031586656138,
            "min": 0.0001031586656138,
            "max": 0.00029815104061631996,
            "count": 66
        },
        "FlyToGoal.Policy.LearningRate.sum": {
            "value": 0.0002063173312276,
            "min": 0.0002063173312276,
            "max": 0.00087778944740352,
            "count": 66
        },
        "FlyToGoal.Policy.Epsilon.mean": {
            "value": 0.1343862,
            "min": 0.1343862,
            "max": 0.19938368,
            "count": 66
        },
        "FlyToGoal.Policy.Epsilon.sum": {
            "value": 0.2687724,
            "min": 0.2687724,
            "max": 0.5925964800000001,
            "count": 66
        },
        "FlyToGoal.Policy.Beta.mean": {
            "value": 0.0017258713800000003,
            "min": 0.0017258713800000003,
            "max": 0.004969245631999998,
            "count": 66
        },
        "FlyToGoal.Policy.Beta.sum": {
            "value": 0.0034517427600000007,
            "min": 0.0034517427600000007,
            "max": 0.014630564352,
            "count": 66
        },
        "FlyToGoal.IsTraining.mean": {
            "value": 1.0,
            "min": 1.0,
            "max": 1.0,
            "count": 66
        },
        "FlyToGoal.IsTraining.sum": {
            "value": 1.0,
            "min": 1.0,
            "max": 1.0,
            "count": 66
        }
    },
    "metadata": {
        "timer_format_version": "0.1.0",
        "start_time_seconds": "1668879445",
        "python_version": "3.6.5 |Anaconda, Inc.| (default, Mar 29 2018, 13:32:41) [MSC v.1900 64 bit (AMD64)]",
        "command_line_arguments": "D:\\Bojidar\\Software\\Anaconda\\envs\\env\\Scripts\\mlagents-learn config/FlyToGoal.yaml --run-id=Test12",
        "mlagents_version": "0.28.0",
        "mlagents_envs_version": "0.28.0",
        "communication_protocol_version": "1.5.0",
        "pytorch_version": "1.7.1+cu110",
        "numpy_version": "1.19.5",
        "end_time_seconds": "1668894416"
    },
    "total": 14970.168495599999,
    "count": 1,
    "self": 0.006683099998554098,
    "children": {
        "run_training.setup": {
            "total": 0.218384,
            "count": 1,
            "self": 0.218384
        },
        "TrainerController.start_learning": {
            "total": 14969.9434285,
            "count": 1,
            "self": 45.79889419896972,
            "children": {
                "TrainerController._reset_env": {
                    "total": 14.044890500000001,
                    "count": 1,
                    "self": 14.044890500000001
                },
                "TrainerController.advance": {
                    "total": 14910.010232401033,
                    "count": 1669232,
                    "self": 24.70089029997871,
                    "children": {
                        "env_step": {
                            "total": 14885.309342101054,
                            "count": 1669232,
                            "self": 10823.973138800036,
                            "children": {
                                "SubprocessEnvManager._take_step": {
                                    "total": 4038.6683722008033,
                                    "count": 1669232,
                                    "self": 104.97457970197729,
                                    "children": {
                                        "TorchPolicy.evaluate": {
                                            "total": 3933.693792498826,
                                            "count": 1667357,
                                            "self": 1517.5514884979275,
                                            "children": {
                                                "TorchPolicy.sample_actions": {
                                                    "total": 2416.1423040008985,
                                                    "count": 1667357,
                                                    "self": 2416.1423040008985
                                                }
                                            }
                                        }
                                    }
                                },
                                "workers": {
                                    "total": 22.66783110021467,
                                    "count": 1669231,
                                    "self": 0.0,
                                    "children": {
                                        "worker_root": {
                                            "total": 14899.428946700757,
                                            "count": 1669231,
                                            "is_parallel": true,
                                            "self": 5793.478021400473,