{
    "name": "root",
    "gauges": {
        "FlyToGoal.Policy.Entropy.mean": {
            "value": 1.1237062215805054,
            "min": 1.1237062215805054,
            "max": 1.4418491125106812,
            "count": 244
        },
        "FlyToGoal.Policy.Entropy.sum": {
            "value": 28155.58203125,
            "min": 26993.724609375,
            "max": 36955.46484375,
            "count": 244
        },
        "FlyToGoal.Step.mean": {
            "value": 6099963.0,
            "min": 24960.0,
            "max": 6099963.0,
            "count": 244
        },
        "FlyToGoal.Step.sum": {
            "value": 6099963.0,
            "min": 24960.0,
            "max": 6099963.0,
            "count": 244
        },
        "FlyToGoal.Policy.ExtrinsicValueEstimate.mean": {
            "value": 7327.5322265625,
            "min": -287.48126220703125,
            "max": 7330.55078125,
            "count": 244
        },
        "FlyToGoal.Policy.ExtrinsicValueEstimate.sum": {
            "value": 3055581.0,
            "min": -121612.59375,
            "max": 3055581.0,
            "count": 244
        },
        "FlyToGoal.Environment.EpisodeLength.mean": {
            "value": 467.55555555555554,
            "min": 412.03225806451616,
            "max": 479.0,
            "count": 244
        },
        "FlyToGoal.Environment.EpisodeLength.sum": {
            "value": 25248.0,
            "min": 22579.0,
            "max": 30656.0,
            "count": 244
        },
        "FlyToGoal.Environment.CumulativeReward.mean": {
            "value": 18488.198547539887,
            "min": -2557.376304546992,
            "max": 18547.771118857643,
            "count": 244
        },
        "FlyToGoal.Environment.CumulativeReward.sum": {
            "value": 998362.7215671539,
            "min": -122754.06261825562,
            "max": 1045531.4656715393,
            "count": 244
        },
        "FlyToGoal.Policy.ExtrinsicReward.mean": {
            "value": 18488.198547539887,
            "min": -2557.376304546992,
            "max": 18547.771118857643,
            "count": 244
        },
        "FlyToGoal.Policy.ExtrinsicReward.sum": {
            "value": 998362.7215671539,
            "min": -122754.06261825562,
            "max": 1045531.4656715393,
            "count": 244
        },
        "FlyToGoal.Losses.PolicyLoss.mean": {
            "value": 0.023681030771695078,
            "min": 0.01722173437010497,
            "max": 0.028601063881069422,
            "count": 244
        },
        "FlyToGoal.Losses.PolicyLoss.sum": {
            "value": 0.047362061543390156,
            "min": 0.03444346874020994,
            "max": 0.08546915992628784,
            "count": 244
        },
        "FlyToGoal.Losses.ValueLoss.mean": {
            "value": 352829.4817708333,
            "min": 2265.175067693537,
            "max": 518561.8078125,
            "count": 244
        },
        "FlyToGoal.Losses.ValueLoss.sum": {
            "value": 705658.9635416666,
            "min": 4530.350135387074,
            "max": 1550228.196875,
            "count": 244
        },
        "FlyToGoal.Policy.LearningRate.mean": {
            "value": 7.173562608815e-05,
            "min": 7.173562608815e-05,
            "max": 0.00029939520020159997,
            "count": 244
        },
        "FlyToGoal.Policy.LearningRate.sum": {
            "value": 0.0001434712521763,
            "min": 0.0001434712521763,
            "max": 0.0008901696032767999,
            "count": 244
        },
        "FlyToGoal.Policy.Epsilon.mean": {
            "value": 0.12391185000000002,
            "min": 0.12391185000000002,
            "max": 0.19979840000000004,
            "count": 244
        },
        "FlyToGoal.Policy.Epsilon.sum": {
            "value": 0.24782370000000004,
            "min": 0.24782370000000004,
            "max": 0.5967232000000001,
            "count": 244
        },
        "FlyToGoal.Policy.Beta.mean": {
            "value": 0.0012032013150000001,
            "min": 0.0012032013150000001,
            "max": 0.00498994016,
            "count": 244
        },
        "FlyToGoal.Policy.Beta.sum": {
            "value": 0.0024064026300000003,
            "min": 0.0024064026300000003,
            "max": 0.01483648768,
            "count": 244
        },
        "FlyToGoal.IsTraining.mean": {
            "value": 1.0,
            "min": 1.0,
            "max": 1.0,
            "count": 244
        },
        "FlyToGoal.IsTraining.sum": {
            "value": 1.0,
            "min": 1.0,
            "max": 1.0,
            "count": 244
        }
    },
    "metadata": {
        "timer_format_version": "0.1.0",
        "start_time_seconds": "1669904994",
        "python_version": "3.6.5 |Anaconda, Inc.| (default, Mar 29 2018, 13:32:41) [MSC v.1900 64 bit (AMD64)]",
        "command_line_arguments": "D:\\Bojidar\\Software\\Anaconda\\envs\\env\\Scripts\\mlagents-learn config/FlyToGoal2.yaml --run-id=Test2.47 --env=./Builds/Drone navigation RL --time-scale=16 --quality-level=0 --width=512 --height=512 --force",
        "mlagents_version": "0.28.0",
        "mlagents_envs_version": "0.28.0",
        "communication_protocol_version": "1.5.0",
        "pytorch_version": "1.7.1+cu110",
        "numpy_version": "1.19.5",
        "end_time_seconds": "1669915275"
    },
    "total": 10281.1417136,
    "count": 1,
    "self": 0.11247259999981907,
    "children": {
        "run_training.setup": {
            "total": 0.1419737,
            "count": 1,
            "self": 0.1419737
        },
        "TrainerController.start_learning": {
            "total": 10280.8872673,
            "count": 1,
            "self": 12.419492799856016,
            "children": {
                "TrainerController._reset_env": {
                    "total": 7.2986699,
                    "count": 1,
                    "self": 7.2986699
                },
                "TrainerController.advance": {
                    "total": 10260.989357600147,
                    "count": 392494,
                    "self": 6.506620500169447,
                    "children": {
                        "env_step": {
                            "total": 10254.482737099977,
                            "count": 392494,
                            "self": 5569.970903500093,
                            "children": {
                                "SubprocessEnvManager._take_step": {
                                    "total": 4678.474895899828,
                                    "count": 392494,
                                    "self": 32.7938817995273,
                                    "children": {
                                        "TorchPolicy.evaluate": {
                                            "total": 4645.681014100301,
                                            "count": 381503,
                                            "self": 1223.8422819004036,
                                            "children": {
                                                "TorchPolicy.sample_actions": {
                                                    "total": 3421.838732199897,
                                                    "count": 381503,
                                                    "self": 3421.838732199897
                                                }
                                            }
                                        }
                                    }
                                },
                                "workers": {
                                    "total": 6.036937700056466,
                                    "count": 392493,
                                    "self": 0.0,
                                    "children": {
                                        "worker_root": {
                                            "total": 10259.655043199662,
                                            "count": 392493,