{
    "name": "root",
    "gauges": {
        "FlyToGoal.Policy.Entropy.mean": {
            "value": 1.20291268825531,
            "min": 1.20291268825531,
            "max": 1.4281857013702393,
            "count": 103
        },
        "FlyToGoal.Policy.Entropy.sum": {
            "value": 31025.525390625,
            "min": 29427.19921875,
            "max": 36133.0078125,
            "count": 103
        },
        "FlyToGoal.Step.mean": {
            "value": 2574977.0,
            "min": 24960.0,
            "max": 2574977.0,
            "count": 103
        },
        "FlyToGoal.Step.sum": {
            "value": 2574977.0,
            "min": 24960.0,
            "max": 2574977.0,
            "count": 103
        },
        "FlyToGoal.Policy.ExtrinsicValueEstimate.mean": {
            "value": 1894.0950927734375,
            "min": -275.5834655761719,
            "max": 1894.684326171875,
            "count": 103
        },
        "FlyToGoal.Policy.ExtrinsicValueEstimate.sum": {
            "value": 795519.9375,
            "min": -118225.3046875,
            "max": 795519.9375,
            "count": 103
        },
        "FlyToGoal.Environment.EpisodeLength.mean": {
            "value": 690.825,
            "min": 490.11764705882354,
            "max": 719.0,
            "count": 103
        },
        "FlyToGoal.Environment.EpisodeLength.sum": {
            "value": 27633.0,
            "min": 22708.0,
            "max": 27633.0,
            "count": 103
        },
        "FlyToGoal.Losses.PolicyLoss.mean": {
            "value": 0.022376212503554094,
            "min": 0.017315151239745318,
            "max": 0.032826679805293676,
            "count": 103
        },
        "FlyToGoal.Losses.PolicyLoss.sum": {
            "value": 0.06712863751066228,
            "min": 0.034630302479490636,
            "max": 0.08620185291705032,
            "count": 103
        },
        "FlyToGoal.Losses.ValueLoss.mean": {
            "value": 3233.4161539713537,
            "min": 707.5339589436849,
            "max": 37363.72768610174,
            "count": 103
        },
        "FlyToGoal.Losses.ValueLoss.sum": {
            "value": 9700.248461914061,
            "min": 1415.0679178873697,
            "max": 74727.45537220348,
            "count": 103
        },
        "FlyToGoal.Policy.LearningRate.mean": {
            "value": 0.0002038299070567083,
            "min": 0.0002038299070567083,
            "max": 0.0002993808002064,
            "count": 103
        },
        "FlyToGoal.Policy.LearningRate.sum": {
            "value": 0.0006114897211701249,
            "min": 0.00040959572596811246,
            "max": 0.0008928611648796126,
            "count": 103
        },
        "FlyToGoal.Policy.Epsilon.mean": {
            "value": 0.1679432916666667,
            "min": 0.1679432916666667,
            "max": 0.19979360000000004,
            "count": 103
        },
        "FlyToGoal.Policy.Epsilon.sum": {
            "value": 0.5038298750000001,
            "min": 0.33653188749999996,
            "max": 0.5976203874999999,
            "count": 103
        },
        "FlyToGoal.Policy.Beta.mean": {
            "value": 0.003400370254166667,
            "min": 0.003400370254166667,
            "max": 0.004989700640000001,
            "count": 103
        },
        "FlyToGoal.Policy.Beta.sum": {
            "value": 0.010201110762500002,
            "min": 0.006832941186249999,
            "max": 0.014881257336250002,
            "count": 103
        },
        "FlyToGoal.Environment.CumulativeReward.mean": {
            "value": 6387.9056232158955,
            "min": -7055.156626790762,
            "max": 6648.508499860764,
            "count": 103
        },
        "FlyToGoal.Environment.CumulativeReward.sum": {
            "value": 249128.31930541992,
            "min": -225765.01205730438,
            "max": 249128.31930541992,
            "count": 103
        },
        "FlyToGoal.Policy.ExtrinsicReward.mean": {
            "value": 6387.9056232158955,
            "min": -7055.156626790762,
            "max": 6648.508499860764,
            "count": 103
        },
        "FlyToGoal.Policy.ExtrinsicReward.sum": {
            "value": 249128.31930541992,
            "min": -225765.01205730438,
            "max": 249128.31930541992,
            "count": 103
        },
        "FlyToGoal.IsTraining.mean": {
            "value": 1.0,
            "min": 1.0,
            "max": 1.0,
            "count": 103
        },
        "FlyToGoal.IsTraining.sum": {
            "value": 1.0,
            "min": 1.0,
            "max": 1.0,
            "count": 103
        }
    },
    "metadata": {
        "timer_format_version": "0.1.0",
        "start_time_seconds": "1670090663",
        "python_version": "3.6.5 |Anaconda, Inc.| (default, Mar 29 2018, 13:32:41) [MSC v.1900 64 bit (AMD64)]",
        "command_line_arguments": "D:\\Bojidar\\Software\\Anaconda\\envs\\env\\Scripts\\mlagents-learn config/FlyToGoal2.yaml --run-id=Test2.52 --env=./Builds/Drone navigation RL --time-scale=20 --quality-level=0 --width=640 --height=512",
        "mlagents_version": "0.28.0",
        "mlagents_envs_version": "0.28.0",
        "communication_protocol_version": "1.5.0",
        "pytorch_version": "1.7.1+cu110",
        "numpy_version": "1.19.5",
        "end_time_seconds": "1670096739"
    },
    "total": 6076.0104434,
    "count": 1,
    "self": 0.37650829999984126,
    "children": {
        "run_training.setup": {
            "total": 0.4085455,
            "count": 1,
            "self": 0.4085455
        },
        "TrainerController.start_learning": {
            "total": 6075.2253896,
            "count": 1,
            "self": 4.906211300052746,
            "children": {
                "TrainerController._reset_env": {
                    "total": 24.1279811,
                    "count": 1,
                    "self": 24.1279811
                },
                "TrainerController.advance": {
                    "total": 6044.258283799947,
                    "count": 164620,
                    "self": 2.677032299988241,
                    "children": {
                        "env_step": {
                            "total": 6041.581251499959,
                            "count": 164620,
                            "self": 3658.816637299777,
                            "children": {
                                "SubprocessEnvManager._take_step": {
                                    "total": 2380.260718599999,
                                    "count": 164620,
                                    "self": 13.299480200052585,
                                    "children": {
                                        "TorchPolicy.evaluate": {
                                            "total": 2366.9612383999465,
                                            "count": 161121,
                                            "self": 650.3191100001873,
                                            "children": {
                                                "TorchPolicy.sample_actions": {
                                                    "total": 1716.6421283997593,
                                                    "count": 161121,
                                                    "self": 1716.6421283997593
                                                }
                                            }
                                        }
                                    }
                                },
                                "workers": {
                                    "total": 2.5038956001827053,
                                    "count": 164619,
                                    "self": 0.0,
                                    "children": {
                                        "worker_root": {
                                            "total": 6060.019640899991,
                                            "count": 164619,