{
    "name": "root",
    "gauges": {
        "FlyToGoal.Policy.Entropy.mean": {
            "value": 1.4267717599868774,
            "min": 1.4222052097320557,
            "max": 1.4276429414749146,
            "count": 7
        },
        "FlyToGoal.Policy.Entropy.sum": {
            "value": 71282.9453125,
            "min": 71110.2578125,
            "max": 71393.5703125,
            "count": 7
        },
        "FlyToGoal.Step.mean": {
            "value": 349956.0,
            "min": 49984.0,
            "max": 349956.0,
            "count": 7
        },
        "FlyToGoal.Step.sum": {
            "value": 349956.0,
            "min": 49984.0,
            "max": 349956.0,
            "count": 7
        },
        "FlyToGoal.Policy.ExtrinsicValueEstimate.mean": {
            "value": 9.873711585998535,
            "min": 3.636009454727173,
            "max": 19.106176376342773,
            "count": 7
        },
        "FlyToGoal.Policy.ExtrinsicValueEstimate.sum": {
            "value": 8738.234375,
            "min": 3177.872314453125,
            "max": 17119.134765625,
            "count": 7
        },
        "FlyToGoal.Environment.EpisodeLength.mean": {
            "value": 342.6758620689655,
            "min": 253.61928934010152,
            "max": 399.0,
            "count": 7
        },
        "FlyToGoal.Environment.EpisodeLength.sum": {
            "value": 49688.0,
            "min": 49687.0,
            "max": 49963.0,
            "count": 7
        },
        "FlyToGoal.Environment.CumulativeReward.mean": {
            "value": 96.71034482758621,
            "min": 17.03045685279188,
            "max": 114.42857142857143,
            "count": 7
        },
        "FlyToGoal.Environment.CumulativeReward.sum": {
            "value": 14023.0,
            "min": 3355.0,
            "max": 19224.0,
            "count": 7
        },
        "FlyToGoal.Policy.ExtrinsicReward.mean": {
            "value": 96.71034482758621,
            "min": 17.03045685279188,
            "max": 114.42857142857143,
            "count": 7
        },
        "FlyToGoal.Policy.ExtrinsicReward.sum": {
            "value": 14023.0,
            "min": 3355.0,
            "max": 19224.0,
            "count": 7
        },
        "FlyToGoal.Losses.PolicyLoss.mean": {
            "value": 0.02315912156831473,
            "min": 0.021541320326117178,
            "max": 0.024721907735802233,
            "count": 7
        },
        "FlyToGoal.Losses.PolicyLoss.sum": {
            "value": 0.11579560784157365,
            "min": 0.09318478473772605,
            "max": 0.12360953867901116,
            "count": 7
        },
        "FlyToGoal.Losses.ValueLoss.mean": {
            "value": 951.1053499348958,
            "min": 60.24240732192994,
            "max": 2317.2573588053383,
            "count": 7
        },
        "FlyToGoal.Losses.ValueLoss.sum": {
            "value": 4755.526749674479,
            "min": 240.96962928771975,
            "max": 11586.286794026691,
            "count": 7
        },
        "FlyToGoal.Policy.LearningRate.mean": {
            "value": 0.00010283370572212001,
            "min": 0.00010283370572212001,
            "max": 0.0002846064051312,
            "count": 7
        },
        "FlyToGoal.Policy.LearningRate.sum": {
            "value": 0.0005141685286106,
            "min": 0.0005141685286106,
            "max": 0.0012844218718594,
            "count": 7
        },
        "FlyToGoal.Policy.Epsilon.mean": {
            "value": 0.13427788000000002,
            "min": 0.13427788000000002,
            "max": 0.19486880000000004,
            "count": 7
        },
        "FlyToGoal.Policy.Epsilon.sum": {
            "value": 0.6713894000000001,
            "min": 0.6713894000000001,
            "max": 0.9281406000000001,
            "count": 7
        },
        "FlyToGoal.Policy.Beta.mean": {
            "value": 0.001720466212,
            "min": 0.001720466212,
            "max": 0.004743953119999999,
            "count": 7
        },
        "FlyToGoal.Policy.Beta.sum": {
            "value": 0.00860233106,
            "min": 0.00860233106,
            "max": 0.021414215940000002,
            "count": 7
        },
        "FlyToGoal.IsTraining.mean": {
            "value": 1.0,
            "min": 1.0,
            "max": 1.0,
            "count": 7
        },
        "FlyToGoal.IsTraining.sum": {
            "value": 1.0,
            "min": 1.0,
            "max": 1.0,
            "count": 7
        }
    },
    "metadata": {
        "timer_format_version": "0.1.0",
        "start_time_seconds": "1668374630",
        "python_version": "3.6.5 |Anaconda, Inc.| (default, Mar 29 2018, 13:32:41) [MSC v.1900 64 bit (AMD64)]",
        "command_line_arguments": "D:\\Bojidar\\Software\\Anaconda\\envs\\env\\Scripts\\mlagents-learn --initialize-from=Test2 --run-id=Test2_m --force",
        "mlagents_version": "0.28.0",
        "mlagents_envs_version": "0.28.0",
        "communication_protocol_version": "1.5.0",
        "pytorch_version": "1.7.1+cu110",
        "numpy_version": "1.19.5",
        "end_time_seconds": "1668378378"
    },
    "total": 3747.8182380000003,
    "count": 1,
    "self": 0.007635700000264478,
    "children": {
        "run_training.setup": {
            "total": 0.1436366,
            "count": 1,
            "self": 0.1436366
        },
        "TrainerController.start_learning": {
            "total": 3747.6669657,
            "count": 1,
            "self": 7.616219200013347,
            "children": {
                "TrainerController._reset_env": {
                    "total": 53.5485034,
                    "count": 1,
                    "self": 53.5485034
                },
                "TrainerController.advance": {
                    "total": 3686.4144986999872,
                    "count": 351610,
                    "self": 8.024331100178188,
                    "children": {
                        "env_step": {
                            "total": 3535.5230298998677,
                            "count": 351610,
                            "self": 2786.7806349997195,
                            "children": {
                                "SubprocessEnvManager._take_step": {
                                    "total": 743.6455020000953,
                                    "count": 351610,
                                    "self": 23.788745100122128,
                                    "children": {
                                        "TorchPolicy.evaluate": {
                                            "total": 719.8567568999732,
                                            "count": 350697,
                                            "self": 360.27400300009515,
                                            "children": {
                                                "TorchPolicy.sample_actions": {
                                                    "total": 359.58275389987807,
                                                    "count": 350697,
                                                    "self": 359.58275389987807
                                                }
                                            }
                                        }
                                    }
                                },
                                "workers": {
                                    "total": 5.096892900052737,
                                    "count": 351609,
                                    "self": 0.0,
                                    "children": {
                                        "worker_root": {
                                            "total": 3677.8550831000666,
                                            "count": 351609,
                                            "is_parallel": true,
                                            "self": 1266.582956200085,