{
    "name": "root",
    "gauges": {
        "FlyToGoal.Policy.Entropy.mean": {
            "value": 0.7108359336853027,
            "min": 0.7108359336853027,
            "max": 1.426905870437622,
            "count": 400
        },
        "FlyToGoal.Policy.Entropy.sum": {
            "value": 17628.73046875,
            "min": 17422.921875,
            "max": 36185.59765625,
            "count": 400
        },
        "FlyToGoal.Step.mean": {
            "value": 9999941.0,
            "min": 24992.0,
            "max": 9999941.0,
            "count": 400
        },
        "FlyToGoal.Step.sum": {
            "value": 9999941.0,
            "min": 24992.0,
            "max": 9999941.0,
            "count": 400
        },
        "FlyToGoal.Policy.ExtrinsicValueEstimate.mean": {
            "value": 19396.33203125,
            "min": -1592.18017578125,
            "max": 20364.357421875,
            "count": 400
        },
        "FlyToGoal.Policy.ExtrinsicValueEstimate.sum": {
            "value": 7874911.0,
            "min": -647451.6875,
            "max": 8329022.0,
            "count": 400
        },
        "FlyToGoal.Environment.EpisodeLength.mean": {
            "value": 919.0,
            "min": 776.0,
            "max": 919.0,
            "count": 400
        },
        "FlyToGoal.Environment.EpisodeLength.sum": {
            "value": 23894.0,
            "min": 18380.0,
            "max": 27570.0,
            "count": 400
        },
        "FlyToGoal.Environment.CumulativeReward.mean": {
            "value": 90154.3666780912,
            "min": -2222700.61741333,
            "max": 96923.24420547485,
            "count": 400
        },
        "FlyToGoal.Environment.CumulativeReward.sum": {
            "value": 2344013.533630371,
            "min": -44454012.3482666,
            "max": 2760080.3901672363,
            "count": 400
        },
        "FlyToGoal.Policy.ExtrinsicReward.mean": {
            "value": 90154.3666780912,
            "min": -2222700.61741333,
            "max": 96923.24420547485,
            "count": 400
        },
        "FlyToGoal.Policy.ExtrinsicReward.sum": {
            "value": 2344013.533630371,
            "min": -44454012.3482666,
            "max": 2760080.3901672363,
            "count": 400
        },
        "FlyToGoal.Losses.PolicyLoss.mean": {
            "value": 0.020485604694113133,
            "min": 0.018151835437553623,
            "max": 0.030748520372435452,
            "count": 400
        },
        "FlyToGoal.Losses.PolicyLoss.sum": {
            "value": 0.040971209388226265,
            "min": 0.03630367087510725,
            "max": 0.08521810413803906,
            "count": 400
        },
        "FlyToGoal.Losses.ValueLoss.mean": {
            "value": 290102.58307291666,
            "min": 23279.872585720484,
            "max": 16543760690.633593,
            "count": 400
        },
        "FlyToGoal.Losses.ValueLoss.sum": {
            "value": 580205.1661458333,
            "min": 61151.25110677083,
            "max": 33087521381.267185,
            "count": 400
        },
        "FlyToGoal.Policy.LearningRate.mean": {
            "value": 3.875498708500003e-07,
            "min": 3.875498708500003e-07,
            "max": 0.0002995284001572,
            "count": 400
        },
        "FlyToGoal.Policy.LearningRate.sum": {
            "value": 7.750997417000006e-07,
            "min": 7.750997417000006e-07,
            "max": 0.0008943408018863996,
            "count": 400
        },
        "FlyToGoal.Policy.Epsilon.mean": {
            "value": 0.10012914999999997,
            "min": 0.10012914999999997,
            "max": 0.19984280000000004,
            "count": 400
        },
        "FlyToGoal.Policy.Epsilon.sum": {
            "value": 0.20025829999999994,
            "min": 0.20025829999999994,
            "max": 0.5981136,
            "count": 400
        },
        "FlyToGoal.Policy.Beta.mean": {
            "value": 1.6444585e-05,
            "min": 1.6444585e-05,
            "max": 0.00499215572,
            "count": 400
        },
        "FlyToGoal.Policy.Beta.sum": {
            "value": 3.288917e-05,
            "min": 3.288917e-05,
            "max": 0.014905868640000004,
            "count": 400
        },
        "FlyToGoal.IsTraining.mean": {
            "value": 1.0,
            "min": 1.0,
            "max": 1.0,
            "count": 400
        },
        "FlyToGoal.IsTraining.sum": {
            "value": 1.0,
            "min": 1.0,
            "max": 1.0,
            "count": 400
        }
    },
    "metadata": {
        "timer_format_version": "0.1.0",
        "start_time_seconds": "1673728793",
        "python_version": "3.6.5 |Anaconda, Inc.| (default, Mar 29 2018, 13:32:41) [MSC v.1900 64 bit (AMD64)]",
        "command_line_arguments": "D:\\Bojidar\\Software\\Anaconda\\envs\\env\\Scripts\\mlagents-learn config/FlyToGoal2.yaml --run-id=Test2.83",
        "mlagents_version": "0.28.0",
        "mlagents_envs_version": "0.28.0",
        "communication_protocol_version": "1.5.0",
        "pytorch_version": "1.7.1+cu110",
        "numpy_version": "1.19.5",
        "end_time_seconds": "1673767911"
    },
    "total": 39117.797350199995,
    "count": 1,
    "self": 0.016055799991590902,
    "children": {
        "run_training.setup": {
            "total": 0.2224817,
            "count": 1,
            "self": 0.2224817
        },
        "TrainerController.start_learning": {
            "total": 39117.5588127,
            "count": 1,
            "self": 30.975023798077018,
            "children": {
                "TrainerController._reset_env": {
                    "total": 12.3191396,
                    "count": 1,
                    "self": 12.3191396
                },
                "TrainerController.advance": {
                    "total": 39073.73574460192,
                    "count": 1008729,
                    "self": 16.75540200069372,
                    "children": {
                        "env_step": {
                            "total": 39056.98034260123,
                            "count": 1008729,
                            "self": 27224.788195800167,
                            "children": {
                                "SubprocessEnvManager._take_step": {
                                    "total": 11816.048971103108,
                                    "count": 1008729,
                                    "self": 90.5530522028057,
                                    "children": {
                                        "TorchPolicy.evaluate": {
                                            "total": 11725.495918900302,
                                            "count": 1000018,
                                            "self": 3656.52576530071,
                                            "children": {
                                                "TorchPolicy.sample_actions": {
                                                    "total": 8068.970153599592,
                                                    "count": 1000018,
                                                    "self": 8068.970153599592
                                                }
                                            }
                                        }
                                    }
                                },
                                "workers": {
                                    "total": 16.14317569795344,
                                    "count": 1008729,
                                    "self": 0.0,
                                    "children": {
                                        "worker_root": {
                                            "total": 39064.74754479885,
                                            "count": 1008729,
                                            "is_parallel": true,
                                            "self": 14049.39379819926,