{
    "name": "root",
    "gauges": {
        "FlyToGoal.Policy.Entropy.mean": {
            "value": 0.8817919492721558,
            "min": 0.8813689351081848,
            "max": 0.9934122562408447,
            "count": 120
        },
        "FlyToGoal.Policy.Entropy.sum": {
            "value": 22235.265625,
            "min": 21579.10546875,
            "max": 25121.2265625,
            "count": 120
        },
        "FlyToGoal.Step.mean": {
            "value": 6599950.0,
            "min": 3624961.0,
            "max": 6599950.0,
            "count": 120
        },
        "FlyToGoal.Step.sum": {
            "value": 6599950.0,
            "min": 3624961.0,
            "max": 6599950.0,
            "count": 120
        },
        "FlyToGoal.Policy.ExtrinsicValueEstimate.mean": {
            "value": 5959.8359375,
            "min": 5548.72412109375,
            "max": 6522.18212890625,
            "count": 120
        },
        "FlyToGoal.Policy.ExtrinsicValueEstimate.sum": {
            "value": 2467372.0,
            "min": 2302720.5,
            "max": 2751262.0,
            "count": 120
        },
        "FlyToGoal.Environment.EpisodeLength.mean": {
            "value": 479.0,
            "min": 461.48,
            "max": 479.0,
            "count": 120
        },
        "FlyToGoal.Environment.EpisodeLength.sum": {
            "value": 22992.0,
            "min": 22665.0,
            "max": 30656.0,
            "count": 120
        },
        "FlyToGoal.Environment.CumulativeReward.mean": {
            "value": 12168.41366593043,
            "min": 9103.663705241923,
            "max": 13814.06965581576,
            "count": 120
        },
        "FlyToGoal.Environment.CumulativeReward.sum": {
            "value": 584083.8559646606,
            "min": 446079.52155685425,
            "max": 847885.0241394043,
            "count": 120
        },
        "FlyToGoal.Policy.ExtrinsicReward.mean": {
            "value": 12168.41366593043,
            "min": 9103.663705241923,
            "max": 13814.06965581576,
            "count": 120
        },
        "FlyToGoal.Policy.ExtrinsicReward.sum": {
            "value": 584083.8559646606,
            "min": 446079.52155685425,
            "max": 847885.0241394043,
            "count": 120
        },
        "FlyToGoal.Losses.PolicyLoss.mean": {
            "value": 0.021429837557176746,
            "min": 0.016900691335710386,
            "max": 0.02818671268824902,
            "count": 120
        },
        "FlyToGoal.Losses.PolicyLoss.sum": {
            "value": 0.06428951267153024,
            "min": 0.03380138267142077,
            "max": 0.08456013806474706,
            "count": 120
        },
        "FlyToGoal.Losses.ValueLoss.mean": {
            "value": 62203.092030164924,
            "min": 7208.855061848959,
            "max": 188392.12252604167,
            "count": 120
        },
        "FlyToGoal.Losses.ValueLoss.sum": {
            "value": 186609.27609049476,
            "min": 14417.710123697918,
            "max": 415203.787109375,
            "count": 120
        },
        "FlyToGoal.Policy.LearningRate.mean": {
            "value": 5.292475735844166e-05,
            "min": 5.292475735844166e-05,
            "max": 0.00016439089520305002,
            "count": 120
        },
        "FlyToGoal.Policy.LearningRate.sum": {
            "value": 0.00015877427207532498,
            "min": 0.00010783786405409998,
            "max": 0.0004878264248912376,
            "count": 120
        },
        "FlyToGoal.Policy.Epsilon.mean": {
            "value": 0.11764155833333334,
            "min": 0.11764155833333334,
            "max": 0.15479695,
            "count": 120
        },
        "FlyToGoal.Policy.Epsilon.sum": {
            "value": 0.352924675,
            "min": 0.2359459,
            "max": 0.4626087625000001,
            "count": 120
        },
        "FlyToGoal.Policy.Beta.mean": {
            "value": 0.0008903137608333333,
            "min": 0.0008903137608333333,
            "max": 0.002744367805000001,
            "count": 120
        },
        "FlyToGoal.Policy.Beta.sum": {
            "value": 0.0026709412825,
            "min": 0.0018137004100000002,
            "max": 0.008144177248749999,
            "count": 120
        },
        "FlyToGoal.IsTraining.mean": {
            "value": 1.0,
            "min": 1.0,
            "max": 1.0,
            "count": 120
        },
        "FlyToGoal.IsTraining.sum": {
            "value": 1.0,
            "min": 1.0,
            "max": 1.0,
            "count": 120
        }
    },
    "metadata": {
        "timer_format_version": "0.1.0",
        "start_time_seconds": "1669733227",
        "python_version": "3.6.5 |Anaconda, Inc.| (default, Mar 29 2018, 13:32:41) [MSC v.1900 64 bit (AMD64)]",
        "command_line_arguments": "D:\\Bojidar\\Software\\Anaconda\\envs\\env\\Scripts\\mlagents-learn config/FlyToGoal2.yaml --run-id=Test2.39 --resume",
        "mlagents_version": "0.28.0",
        "mlagents_envs_version": "0.28.0",
        "communication_protocol_version": "1.5.0",
        "pytorch_version": "1.7.1+cu110",
        "numpy_version": "1.19.5",
        "end_time_seconds": "1669740599"
    },
    "total": 7372.2337672,
    "count": 1,
    "self": 0.007998500000212516,
    "children": {
        "run_training.setup": {
            "total": 0.1873417,
            "count": 1,
            "self": 0.1873417
        },
        "TrainerController.start_learning": {
            "total": 7372.038427,
            "count": 1,
            "self": 5.309125499871698,
            "children": {
                "TrainerController._reset_env": {
                    "total": 14.6648227,
                    "count": 1,
                    "self": 14.6648227
                },
                "TrainerController.advance": {
                    "total": 7350.252159900128,
                    "count": 188770,
                    "self": 2.786336600081995,
                    "children": {
                        "env_step": {
                            "total": 7347.465823300046,
                            "count": 188770,
                            "self": 4640.09557220012,
                            "children": {
                                "SubprocessEnvManager._take_step": {
                                    "total": 2704.613177799947,
                                    "count": 188770,
                                    "self": 14.825998100106062,
                                    "children": {
                                        "TorchPolicy.evaluate": {
                                            "total": 2689.787179699841,
                                            "count": 187947,
                                            "self": 735.6505845998458,
                                            "children": {
                                                "TorchPolicy.sample_actions": {
                                                    "total": 1954.1365950999952,
                                                    "count": 187947,
                                                    "self": 1954.1365950999952
                                                }
                                            }
                                        }
                                    }
                                },
                                "workers": {
                                    "total": 2.7570732999796057,
                                    "count": 188769,
                                    "self": 0.0,
                                    "children": {
                                        "worker_root": {
                                            "total": 7345.863184500125,
                                            "count": 188769,
                                            "is_parallel": true,
                                            "self": 3255.3470244001933,