{
    "name": "root",
    "gauges": {
        "FlyToGoal.Policy.Entropy.mean": {
            "value": 1.161320447921753,
            "min": 1.161320447921753,
            "max": 1.1647167205810547,
            "count": 32
        },
        "FlyToGoal.Policy.Entropy.sum": {
            "value": 29079.462890625,
            "min": 1323.1181640625,
            "max": 30233.13671875,
            "count": 32
        },
        "FlyToGoal.Step.mean": {
            "value": 7999990.0,
            "min": 7224970.0,
            "max": 7999990.0,
            "count": 32
        },
        "FlyToGoal.Step.sum": {
            "value": 7999990.0,
            "min": 7224970.0,
            "max": 7999990.0,
            "count": 32
        },
        "FlyToGoal.Policy.ExtrinsicValueEstimate.mean": {
            "value": 9758.416015625,
            "min": 8037.86279296875,
            "max": 9895.9072265625,
            "count": 32
        },
        "FlyToGoal.Policy.ExtrinsicValueEstimate.sum": {
            "value": 4079018.0,
            "min": 32151.451171875,
            "max": 4126593.25,
            "count": 32
        },
        "FlyToGoal.IsTraining.mean": {
            "value": 1.0,
            "min": 1.0,
            "max": 1.0,
            "count": 32
        },
        "FlyToGoal.IsTraining.sum": {
            "value": 1.0,
            "min": 1.0,
            "max": 1.0,
            "count": 32
        },
        "FlyToGoal.Environment.EpisodeLength.mean": {
            "value": 454.8888888888889,
            "min": 436.75471698113205,
            "max": 474.96153846153845,
            "count": 31
        },
        "FlyToGoal.Environment.EpisodeLength.sum": {
            "value": 24564.0,
            "min": 22371.0,
            "max": 26426.0,
            "count": 31
        },
        "FlyToGoal.Environment.CumulativeReward.mean": {
            "value": 21549.725490711353,
            "min": 20122.793656272548,
            "max": 22940.89298050492,
            "count": 31
        },
        "FlyToGoal.Environment.CumulativeReward.sum": {
            "value": 1163685.176498413,
            "min": 1047806.0795593262,
            "max": 1246014.9561462402,
            "count": 31
        },
        "FlyToGoal.Policy.ExtrinsicReward.mean": {
            "value": 21549.725490711353,
            "min": 20122.793656272548,
            "max": 22940.89298050492,
            "count": 31
        },
        "FlyToGoal.Policy.ExtrinsicReward.sum": {
            "value": 1163685.176498413,
            "min": 1047806.0795593262,
            "max": 1246014.9561462402,
            "count": 31
        },
        "FlyToGoal.Losses.PolicyLoss.mean": {
            "value": 0.026678328306621146,
            "min": 0.019764318643137813,
            "max": 0.027663837567282218,
            "count": 31
        },
        "FlyToGoal.Losses.PolicyLoss.sum": {
            "value": 0.08003498491986344,
            "min": 0.03952863728627563,
            "max": 0.08003498491986344,
            "count": 31
        },
        "FlyToGoal.Losses.ValueLoss.mean": {
            "value": 557989.8694444444,
            "min": 399784.02673611115,
            "max": 673738.2619791667,
            "count": 31
        },
        "FlyToGoal.Losses.ValueLoss.sum": {
            "value": 1673969.6083333332,
            "min": 855944.3760416666,
            "max": 1772129.45,
            "count": 31
        },
        "FlyToGoal.Policy.LearningRate.mean": {
            "value": 4.696248434916594e-07,
            "min": 4.696248434916594e-07,
            "max": 2.8474253008612517e-05,
            "count": 31
        },
        "FlyToGoal.Policy.LearningRate.sum": {
            "value": 1.4088745304749783e-06,
            "min": 1.4088745304749783e-06,
            "max": 8.009052330325002e-05,
            "count": 31
        },
        "FlyToGoal.Policy.Epsilon.mean": {
            "value": 0.10015650833333334,
            "min": 0.10015650833333334,
            "max": 0.10949138750000001,
            "count": 31
        },
        "FlyToGoal.Policy.Epsilon.sum": {
            "value": 0.300469525,
            "min": 0.200956625,
            "max": 0.32669675,
            "count": 31
        },
        "FlyToGoal.Policy.Beta.mean": {
            "value": 1.7809765833333214e-05,
            "min": 1.7809765833333214e-05,
            "max": 0.00048362023625000023,
            "count": 31
        },
        "FlyToGoal.Policy.Beta.sum": {
            "value": 5.3429297499999644e-05,
            "min": 5.3429297499999644e-05,
            "max": 0.0013621678250000002,
            "count": 31
        }
    },
    "metadata": {
        "timer_format_version": "0.1.0",
        "start_time_seconds": "1669978037",
        "python_version": "3.6.5 |Anaconda, Inc.| (default, Mar 29 2018, 13:32:41) [MSC v.1900 64 bit (AMD64)]",
        "command_line_arguments": "D:\\Bojidar\\Software\\Anaconda\\envs\\env\\Scripts\\mlagents-learn config/FlyToGoal2.yaml --run-id=Test2.49 --env=./Builds/Drone navigation RL --time-scale=20 --quality-level=0 --width=640 --height=512 --resume",
        "mlagents_version": "0.28.0",
        "mlagents_envs_version": "0.28.0",
        "communication_protocol_version": "1.5.0",
        "pytorch_version": "1.7.1+cu110",
        "numpy_version": "1.19.5",
        "end_time_seconds": "1669979379"
    },
    "total": 1341.5516619,
    "count": 1,
    "self": 1.88739570000007,
    "children": {
        "run_training.setup": {
            "total": 0.1854252,
            "count": 1,
            "self": 0.1854252
        },
        "TrainerController.start_learning": {
            "total": 1339.4788409999999,
            "count": 1,
            "self": 1.5766287000055854,
            "children": {
                "TrainerController._reset_env": {
                    "total": 18.7181015,
                    "count": 1,
                    "self": 18.7181015
                },
                "TrainerController.advance": {
                    "total": 1317.4083068999944,
                    "count": 49967,
                    "self": 0.8734723000100075,
                    "children": {
                        "env_step": {
                            "total": 1316.5348345999844,
                            "count": 49967,
                            "self": 724.4062624000031,
                            "children": {
                                "SubprocessEnvManager._take_step": {
                                    "total": 591.338591799992,
                                    "count": 49967,
                                    "self": 4.394332599993504,
                                    "children": {
                                        "TorchPolicy.evaluate": {
                                            "total": 586.9442591999984,
                                            "count": 48491,
                                            "self": 153.80016629999216,
                                            "children": {
                                                "TorchPolicy.sample_actions": {
                                                    "total": 433.1440929000063,
                                                    "count": 48491,
                                                    "self": 433.1440929000063
                                                }
                                            }
                                        }
                                    }
                                },
                                "workers": {
                                    "total": 0.7899803999892612,
                                    "count": 49967,
                                    "self": 0.0,
                                    "children": {
                                        "worker_root": {
                                            "total": 1322.9120198000082,
                                            "count": 49967,