{
    "name": "root",
    "gauges": {
        "FlyToGoal.Policy.Entropy.mean": {
            "value": 1.416101336479187,
            "min": 1.416101336479187,
            "max": 1.4208285808563232,
            "count": 3
        },
        "FlyToGoal.Policy.Entropy.sum": {
            "value": 35436.51953125,
            "min": 92.3538589477539,
            "max": 35440.23046875,
            "count": 3
        },
        "FlyToGoal.IsTraining.mean": {
            "value": 1.0,
            "min": 1.0,
            "max": 1.0,
            "count": 3
        },
        "FlyToGoal.IsTraining.sum": {
            "value": 1.0,
            "min": 1.0,
            "max": 1.0,
            "count": 3
        },
        "FlyToGoal.Step.mean": {
            "value": 299981.0,
            "min": 274957.0,
            "max": 299981.0,
            "count": 2
        },
        "FlyToGoal.Step.sum": {
            "value": 299981.0,
            "min": 274957.0,
            "max": 299981.0,
            "count": 2
        },
        "FlyToGoal.Policy.ExtrinsicValueEstimate.mean": {
            "value": 84.11148834228516,
            "min": 73.40174865722656,
            "max": 84.11148834228516,
            "count": 2
        },
        "FlyToGoal.Policy.ExtrinsicValueEstimate.sum": {
            "value": 35074.4921875,
            "min": 30535.12890625,
            "max": 35074.4921875,
            "count": 2
        },
        "FlyToGoal.Environment.EpisodeLength.mean": {
            "value": 479.0,
            "min": 479.0,
            "max": 479.0,
            "count": 2
        },
        "FlyToGoal.Environment.EpisodeLength.sum": {
            "value": 24908.0,
            "min": 24908.0,
            "max": 24908.0,
            "count": 2
        },
        "FlyToGoal.Environment.CumulativeReward.mean": {
            "value": 358.15384615384613,
            "min": 332.7307692307692,
            "max": 358.15384615384613,
            "count": 2
        },
        "FlyToGoal.Environment.CumulativeReward.sum": {
            "value": 18624.0,
            "min": 17302.0,
            "max": 18624.0,
            "count": 2
        },
        "FlyToGoal.Policy.ExtrinsicReward.mean": {
            "value": 358.15384615384613,
            "min": 332.7307692307692,
            "max": 358.15384615384613,
            "count": 2
        },
        "FlyToGoal.Policy.ExtrinsicReward.sum": {
            "value": 18624.0,
            "min": 17302.0,
            "max": 18624.0,
            "count": 2
        },
        "FlyToGoal.Losses.PolicyLoss.mean": {
            "value": 0.021028875132712226,
            "min": 0.021028875132712226,
            "max": 0.026896587922237813,
            "count": 2
        },
        "FlyToGoal.Losses.PolicyLoss.sum": {
            "value": 0.04205775026542445,
            "min": 0.04205775026542445,
            "max": 0.05379317584447563,
            "count": 2
        },
        "FlyToGoal.Losses.ValueLoss.mean": {
            "value": 167.49619166056317,
            "min": 131.6137159983317,
            "max": 167.49619166056317,
            "count": 2
        },
        "FlyToGoal.Losses.ValueLoss.sum": {
            "value": 334.99238332112634,
            "min": 263.2274319966634,
            "max": 334.99238332112634,
            "count": 2
        },
        "FlyToGoal.Policy.LearningRate.mean": {
            "value": 0.0002142057285981,
            "min": 0.0002142057285981,
            "max": 0.00022037852654050005,
            "count": 2
        },
        "FlyToGoal.Policy.LearningRate.sum": {
            "value": 0.0004284114571962,
            "min": 0.0004284114571962,
            "max": 0.0004407570530810001,
            "count": 2
        },
        "FlyToGoal.Policy.Epsilon.mean": {
            "value": 0.17140189999999994,
            "min": 0.17140189999999994,
            "max": 0.1734595,
            "count": 2
        },
        "FlyToGoal.Policy.Epsilon.sum": {
            "value": 0.3428037999999999,
            "min": 0.3428037999999999,
            "max": 0.346919,
            "count": 2
        },
        "FlyToGoal.Policy.Beta.mean": {
            "value": 0.0035729548100000004,
            "min": 0.0035729548100000004,
            "max": 0.0036756290500000012,
            "count": 2
        },
        "FlyToGoal.Policy.Beta.sum": {
            "value": 0.007145909620000001,
            "min": 0.007145909620000001,
            "max": 0.0073512581000000025,
            "count": 2
        }
    },
    "metadata": {
        "timer_format_version": "0.1.0",
        "start_time_seconds": "1668532744",
        "python_version": "3.6.5 |Anaconda, Inc.| (default, Mar 29 2018, 13:32:41) [MSC v.1900 64 bit (AMD64)]",
        "command_line_arguments": "D:\\Bojidar\\Software\\Anaconda\\envs\\env\\Scripts\\mlagents-learn config/FlyToGoal.yaml --run-id=Test5 --resume",
        "mlagents_version": "0.28.0",
        "mlagents_envs_version": "0.28.0",
        "communication_protocol_version": "1.5.0",
        "pytorch_version": "1.7.1+cu110",
        "numpy_version": "1.19.5",
        "end_time_seconds": "1668533718"
    },
    "total": 974.6351218,
    "count": 1,
    "self": 0.0073833000000149696,
    "children": {
        "run_training.setup": {
            "total": 0.19097209999999998,
            "count": 1,
            "self": 0.19097209999999998
        },
        "TrainerController.start_learning": {
            "total": 974.4367664,
            "count": 1,
            "self": 1.8351073999957634,
            "children": {
                "TrainerController._reset_env": {
                    "total": 37.1647118,
                    "count": 1,
                    "self": 37.1647118
                },
                "TrainerController.advance": {
                    "total": 935.2276020000043,
                    "count": 62031,
                    "self": 0.9266724000138993,
                    "children": {
                        "env_step": {
                            "total": 934.3009295999904,
                            "count": 62031,
                            "self": 604.8430707999942,
                            "children": {
                                "SubprocessEnvManager._take_step": {
                                    "total": 328.57277480000437,
                                    "count": 62031,
                                    "self": 4.4420389999956456,
                                    "children": {
                                        "TorchPolicy.evaluate": {
                                            "total": 324.1307358000087,
                                            "count": 62031,
                                            "self": 143.0240291000139,
                                            "children": {
                                                "TorchPolicy.sample_actions": {
                                                    "total": 181.10670669999482,
                                                    "count": 62031,
                                                    "self": 181.10670669999482
                                                }
                                            }
                                        }
                                    }
                                },
                                "workers": {
                                    "total": 0.8850839999918421,
                                    "count": 62030,
                                    "self": 0.0,
                                    "children": {
                                        "worker_root": {
                                            "total": 942.1824984000096,
                                            "count": 62030,
                                            "is_parallel": true,
                                            "self": 414.884296300021,