{
    "name": "root",
    "gauges": {
        "FlyToGoal.Policy.Entropy.mean": {
            "value": 1.0027391910552979,
            "min": 1.0027391910552979,
            "max": 1.049058198928833,
            "count": 27
        },
        "FlyToGoal.Policy.Entropy.sum": {
            "value": 25140.677734375,
            "min": 23907.25,
            "max": 26634.361328125,
            "count": 27
        },
        "FlyToGoal.Step.mean": {
            "value": 3249945.0,
            "min": 2599985.0,
            "max": 3249945.0,
            "count": 27
        },
        "FlyToGoal.Step.sum": {
            "value": 3249945.0,
            "min": 2599985.0,
            "max": 3249945.0,
            "count": 27
        },
        "FlyToGoal.Policy.ExtrinsicValueEstimate.mean": {
            "value": 5037.60498046875,
            "min": 3174.803955078125,
            "max": 5049.6201171875,
            "count": 27
        },
        "FlyToGoal.Policy.ExtrinsicValueEstimate.sum": {
            "value": 2085568.375,
            "min": 1146104.25,
            "max": 2104275.75,
            "count": 27
        },
        "FlyToGoal.Environment.EpisodeLength.mean": {
            "value": 479.0,
            "min": 469.2244897959184,
            "max": 479.0,
            "count": 27
        },
        "FlyToGoal.Environment.EpisodeLength.sum": {
            "value": 22992.0,
            "min": 15328.0,
            "max": 30656.0,
            "count": 27
        },
        "FlyToGoal.Environment.CumulativeReward.mean": {
            "value": 11219.35518582662,
            "min": 6026.821785449982,
            "max": 11399.145942052206,
            "count": 27
        },
        "FlyToGoal.Environment.CumulativeReward.sum": {
            "value": 538529.0489196777,
            "min": 192858.2971343994,
            "max": 723692.4219360352,
            "count": 27
        },
        "FlyToGoal.Policy.ExtrinsicReward.mean": {
            "value": 11219.35518582662,
            "min": 6026.821785449982,
            "max": 11399.145942052206,
            "count": 27
        },
        "FlyToGoal.Policy.ExtrinsicReward.sum": {
            "value": 538529.0489196777,
            "min": 192858.2971343994,
            "max": 723692.4219360352,
            "count": 27
        },
        "FlyToGoal.Losses.PolicyLoss.mean": {
            "value": 0.02310693022639801,
            "min": 0.018488102212943364,
            "max": 0.028845446800925968,
            "count": 27
        },
        "FlyToGoal.Losses.PolicyLoss.sum": {
            "value": 0.04621386045279602,
            "min": 0.03697620442588673,
            "max": 0.07677362149186207,
            "count": 27
        },
        "FlyToGoal.Losses.ValueLoss.mean": {
            "value": 48698.35304361979,
            "min": 7538.47314453125,
            "max": 104409.41120975379,
            "count": 27
        },
        "FlyToGoal.Losses.ValueLoss.sum": {
            "value": 97396.70608723958,
            "min": 15076.9462890625,
            "max": 229856.81583658853,
            "count": 27
        },
        "FlyToGoal.Policy.LearningRate.mean": {
            "value": 0.00017874150291951251,
            "min": 0.00017874150291951251,
            "max": 0.00020272379492541253,
            "count": 27
        },
        "FlyToGoal.Policy.LearningRate.sum": {
            "value": 0.00035748300583902503,
            "min": 0.00035748300583902503,
            "max": 0.0005976785882738376,
            "count": 27
        },
        "FlyToGoal.Policy.Epsilon.mean": {
            "value": 0.1595804875,
            "min": 0.1595804875,
            "max": 0.16757458749999998,
            "count": 27
        },
        "FlyToGoal.Policy.Epsilon.sum": {
            "value": 0.319160975,
            "min": 0.319160975,
            "max": 0.49922616249999996,
            "count": 27
        },
        "FlyToGoal.Policy.Beta.mean": {
            "value": 0.00298306632625,
            "min": 0.00298306632625,
            "max": 0.0033819719162499996,
            "count": 27
        },
        "FlyToGoal.Policy.Beta.sum": {
            "value": 0.0059661326525,
            "min": 0.0059661326525,
            "max": 0.00997138550875,
            "count": 27
        },
        "FlyToGoal.IsTraining.mean": {
            "value": 1.0,
            "min": 1.0,
            "max": 1.0,
            "count": 27
        },
        "FlyToGoal.IsTraining.sum": {
            "value": 1.0,
            "min": 1.0,
            "max": 1.0,
            "count": 27
        }
    },
    "metadata": {
        "timer_format_version": "0.1.0",
        "start_time_seconds": "1669545176",
        "python_version": "3.6.5 |Anaconda, Inc.| (default, Mar 29 2018, 13:32:41) [MSC v.1900 64 bit (AMD64)]",
        "command_line_arguments": "D:\\Bojidar\\Software\\Anaconda\\envs\\env\\Scripts\\mlagents-learn config/FlyToGoal2.yaml --run-id=Test2.35 --resume",
        "mlagents_version": "0.28.0",
        "mlagents_envs_version": "0.28.0",
        "communication_protocol_version": "1.5.0",
        "pytorch_version": "1.7.1+cu110",
        "numpy_version": "1.19.5",
        "end_time_seconds": "1669547105"
    },
    "total": 1929.331301,
    "count": 1,
    "self": 0.007544399999915186,
    "children": {
        "run_training.setup": {
            "total": 0.2309992,
            "count": 1,
            "self": 0.2309992
        },
        "TrainerController.start_learning": {
            "total": 1929.0927574,
            "count": 1,
            "self": 2.310387299996364,
            "children": {
                "TrainerController._reset_env": {
                    "total": 23.324102399999997,
                    "count": 1,
                    "self": 23.324102399999997
                },
                "TrainerController.advance": {
                    "total": 1902.498088400004,
                    "count": 42803,
                    "self": 0.6651007000239133,
                    "children": {
                        "env_step": {
                            "total": 1901.83298769998,
                            "count": 42803,
                            "self": 1265.713263699979,
                            "children": {
                                "SubprocessEnvManager._take_step": {
                                    "total": 635.4617257999944,
                                    "count": 42804,
                                    "self": 3.551759800000582,
                                    "children": {
                                        "TorchPolicy.evaluate": {
                                            "total": 631.9099659999938,
                                            "count": 42765,
                                            "self": 172.4172482999956,
                                            "children": {
                                                "TorchPolicy.sample_actions": {
                                                    "total": 459.4927176999982,
                                                    "count": 42765,
                                                    "self": 459.4927176999982
                                                }
                                            }
                                        }
                                    }
                                },
                                "workers": {
                                    "total": 0.6579982000065705,
                                    "count": 42802,
                                    "self": 0.0,
                                    "children": {
                                        "worker_root": {
                                            "total": 1834.6344062000312,
                                            "count": 42802,
                                            "is_parallel": true,
                                            "self": 781.4644606000322,