{
    "name": "root",
    "gauges": {
        "FlyToGoal.Policy.Entropy.mean": {
            "value": 1.2908785343170166,
            "min": 1.2697861194610596,
            "max": 1.4716657400131226,
            "count": 320
        },
        "FlyToGoal.Policy.Entropy.sum": {
            "value": 31951.82421875,
            "min": 30793.75390625,
            "max": 37462.72265625,
            "count": 320
        },
        "FlyToGoal.Step.mean": {
            "value": 7999972.0,
            "min": 24960.0,
            "max": 7999972.0,
            "count": 320
        },
        "FlyToGoal.Step.sum": {
            "value": 7999972.0,
            "min": 24960.0,
            "max": 7999972.0,
            "count": 320
        },
        "FlyToGoal.Policy.ExtrinsicValueEstimate.mean": {
            "value": 6518.85888671875,
            "min": -513.2635498046875,
            "max": 6650.32080078125,
            "count": 320
        },
        "FlyToGoal.Policy.ExtrinsicValueEstimate.sum": {
            "value": 2757477.25,
            "min": -213280.21875,
            "max": 2890056.0,
            "count": 320
        },
        "FlyToGoal.Environment.EpisodeLength.mean": {
            "value": 529.2173913043479,
            "min": 305.3375,
            "max": 719.0,
            "count": 320
        },
        "FlyToGoal.Environment.EpisodeLength.sum": {
            "value": 24344.0,
            "min": 21258.0,
            "max": 34512.0,
            "count": 320
        },
        "FlyToGoal.Losses.PolicyLoss.mean": {
            "value": 0.024174457167585692,
            "min": 0.017382767121307555,
            "max": 0.030382193516318996,
            "count": 320
        },
        "FlyToGoal.Losses.PolicyLoss.sum": {
            "value": 0.048348914335171383,
            "min": 0.03476553424261511,
            "max": 0.08651371751135836,
            "count": 320
        },
        "FlyToGoal.Losses.ValueLoss.mean": {
            "value": 5731563.9375,
            "min": 4638.193375651042,
            "max": 32231315.056249995,
            "count": 320
        },
        "FlyToGoal.Losses.ValueLoss.sum": {
            "value": 11463127.875,
            "min": 9276.386751302083,
            "max": 96693945.16874999,
            "count": 320
        },
        "FlyToGoal.Policy.LearningRate.mean": {
            "value": 3.8822487062499475e-07,
            "min": 3.8822487062499475e-07,
            "max": 0.0002993844002052,
            "count": 320
        },
        "FlyToGoal.Policy.LearningRate.sum": {
            "value": 7.764497412499895e-07,
            "min": 7.764497412499895e-07,
            "max": 0.0008928288023904,
            "count": 320
        },
        "FlyToGoal.Policy.Epsilon.mean": {
            "value": 0.10012937500000002,
            "min": 0.10012937500000002,
            "max": 0.19979480000000005,
            "count": 320
        },
        "FlyToGoal.Policy.Epsilon.sum": {
            "value": 0.20025875000000004,
            "min": 0.20025875000000004,
            "max": 0.5976096000000001,
            "count": 320
        },
        "FlyToGoal.Policy.Beta.mean": {
            "value": 1.6455812499999915e-05,
            "min": 1.6455812499999915e-05,
            "max": 0.00498976052,
            "count": 320
        },
        "FlyToGoal.Policy.Beta.sum": {
            "value": 3.291162499999983e-05,
            "min": 3.291162499999983e-05,
            "max": 0.01488071904,
            "count": 320
        },
        "FlyToGoal.Environment.CumulativeReward.mean": {
            "value": 24094.694947843967,
            "min": -28837.80971264839,
            "max": 29770.41959375143,
            "count": 320
        },
        "FlyToGoal.Environment.CumulativeReward.sum": {
            "value": 1108355.9676008224,
            "min": -922809.9108047485,
            "max": 1428980.1405000687,
            "count": 320
        },
        "FlyToGoal.Policy.ExtrinsicReward.mean": {
            "value": 24094.694947843967,
            "min": -28837.80971264839,
            "max": 29770.41959375143,
            "count": 320
        },
        "FlyToGoal.Policy.ExtrinsicReward.sum": {
            "value": 1108355.9676008224,
            "min": -922809.9108047485,
            "max": 1428980.1405000687,
            "count": 320
        },
        "FlyToGoal.IsTraining.mean": {
            "value": 1.0,
            "min": 1.0,
            "max": 1.0,
            "count": 320
        },
        "FlyToGoal.IsTraining.sum": {
            "value": 1.0,
            "min": 1.0,
            "max": 1.0,
            "count": 320
        }
    },
    "metadata": {
        "timer_format_version": "0.1.0",
        "start_time_seconds": "1670594435",
        "python_version": "3.6.5 |Anaconda, Inc.| (default, Mar 29 2018, 13:32:41) [MSC v.1900 64 bit (AMD64)]",
        "command_line_arguments": "D:\\Bojidar\\Software\\Anaconda\\envs\\env\\Scripts\\mlagents-learn config/FlyToGoal2.yaml --run-id=Test2.69 --force",
        "mlagents_version": "0.28.0",
        "mlagents_envs_version": "0.28.0",
        "communication_protocol_version": "1.5.0",
        "pytorch_version": "1.7.1+cu110",
        "numpy_version": "1.19.5",
        "end_time_seconds": "1670617787"
    },
    "total": 23352.124218499997,
    "count": 1,
    "self": 0.3723625999955402,
    "children": {
        "run_training.setup": {
            "total": 0.14566469999999998,
            "count": 1,
            "self": 0.14566469999999998
        },
        "TrainerController.start_learning": {
            "total": 23351.6061912,
            "count": 1,
            "self": 17.455839499834838,
            "children": {
                "TrainerController._reset_env": {
                    "total": 46.9081657,
                    "count": 1,
                    "self": 46.9081657
                },
                "TrainerController.advance": {
                    "total": 23286.904624800165,
                    "count": 515355,
                    "self": 9.317166400236601,
                    "children": {
                        "env_step": {
                            "total": 23277.58745839993,
                            "count": 515355,
                            "self": 15129.29190019915,
                            "children": {
                                "SubprocessEnvManager._take_step": {
                                    "total": 8139.528596601185,
                                    "count": 515355,
                                    "self": 48.444869901150014,
                                    "children": {
                                        "TorchPolicy.evaluate": {
                                            "total": 8091.083726700035,
                                            "count": 500035,
                                            "self": 2244.950270600062,
                                            "children": {
                                                "TorchPolicy.sample_actions": {
                                                    "total": 5846.133456099973,
                                                    "count": 500035,
                                                    "self": 5846.133456099973
                                                }
                                            }
                                        }
                                    }
                                },
                                "workers": {
                                    "total": 8.766961599592825,
                                    "count": 515355,
                                    "self": 0.0,
                                    "children": {
                                        "worker_root": {
                                            "total": 23281.690360600038,
                                            "count": 515355,
                                            "is_parallel": true,