{
    "name": "root",
    "gauges": {
        "FlyToGoal.Policy.Entropy.mean": {
            "value": 1.1370092630386353,
            "min": 1.1369941234588623,
            "max": 1.4327774047851562,
            "count": 320
        },
        "FlyToGoal.Policy.Entropy.sum": {
            "value": 28379.75,
            "min": 27549.48046875,
            "max": 36357.15625,
            "count": 320
        },
        "FlyToGoal.Step.mean": {
            "value": 7999967.0,
            "min": 24960.0,
            "max": 7999967.0,
            "count": 320
        },
        "FlyToGoal.Step.sum": {
            "value": 7999967.0,
            "min": 24960.0,
            "max": 7999967.0,
            "count": 320
        },
        "FlyToGoal.Policy.ExtrinsicValueEstimate.mean": {
            "value": 16.47356605529785,
            "min": -498.80743408203125,
            "max": 21.829933166503906,
            "count": 320
        },
        "FlyToGoal.Policy.ExtrinsicValueEstimate.sum": {
            "value": 6951.8447265625,
            "min": -208102.78125,
            "max": 9168.572265625,
            "count": 320
        },
        "FlyToGoal.Environment.EpisodeLength.mean": {
            "value": 372.4923076923077,
            "min": 340.64,
            "max": 479.0,
            "count": 320
        },
        "FlyToGoal.Environment.EpisodeLength.sum": {
            "value": 24212.0,
            "min": 22855.0,
            "max": 30656.0,
            "count": 320
        },
        "FlyToGoal.Environment.CumulativeReward.mean": {
            "value": 19701.543694980326,
            "min": -2644.7210235993066,
            "max": 23186.68053091726,
            "count": 320
        },
        "FlyToGoal.Environment.CumulativeReward.sum": {
            "value": 1280600.3401737213,
            "min": -126946.60913276672,
            "max": 1437574.1929168701,
            "count": 320
        },
        "FlyToGoal.Policy.ExtrinsicReward.mean": {
            "value": 19701.543694980326,
            "min": -2644.7210235993066,
            "max": 23186.68053091726,
            "count": 320
        },
        "FlyToGoal.Policy.ExtrinsicReward.sum": {
            "value": 1280600.3401737213,
            "min": -126946.60913276672,
            "max": 1437574.1929168701,
            "count": 320
        },
        "FlyToGoal.Losses.PolicyLoss.mean": {
            "value": 0.021744408722346027,
            "min": 0.017809496082675954,
            "max": 0.02937474539503455,
            "count": 320
        },
        "FlyToGoal.Losses.PolicyLoss.sum": {
            "value": 0.06523322616703808,
            "min": 0.03561899216535191,
            "max": 0.08512085031252355,
            "count": 320
        },
        "FlyToGoal.Losses.ValueLoss.mean": {
            "value": 973743.3041666667,
            "min": 2795.0558357007576,
            "max": 1166894.0656249998,
            "count": 320
        },
        "FlyToGoal.Losses.ValueLoss.sum": {
            "value": 2921229.9125,
            "min": 5590.111671401515,
            "max": 3416465.179166667,
            "count": 320
        },
        "FlyToGoal.Policy.LearningRate.mean": {
            "value": 4.6596234471250273e-07,
            "min": 4.6596234471250273e-07,
            "max": 0.00029939520020159997,
            "count": 320
        },
        "FlyToGoal.Policy.LearningRate.sum": {
            "value": 1.3978870341375081e-06,
            "min": 1.3978870341375081e-06,
            "max": 0.0008901696032767999,
            "count": 320
        },
        "FlyToGoal.Policy.Epsilon.mean": {
            "value": 0.10015528750000002,
            "min": 0.10015528750000002,
            "max": 0.19979840000000004,
            "count": 320
        },
        "FlyToGoal.Policy.Epsilon.sum": {
            "value": 0.30046586250000007,
            "min": 0.2009534,
            "max": 0.5967232000000001,
            "count": 320
        },
        "FlyToGoal.Policy.Beta.mean": {
            "value": 1.774884625000005e-05,
            "min": 1.774884625000005e-05,
            "max": 0.00498994016,
            "count": 320
        },
        "FlyToGoal.Policy.Beta.sum": {
            "value": 5.324653875000015e-05,
            "min": 5.324653875000015e-05,
            "max": 0.01483648768,
            "count": 320
        },
        "FlyToGoal.IsTraining.mean": {
            "value": 1.0,
            "min": 1.0,
            "max": 1.0,
            "count": 320
        },
        "FlyToGoal.IsTraining.sum": {
            "value": 1.0,
            "min": 1.0,
            "max": 1.0,
            "count": 320
        }
    },
    "metadata": {
        "timer_format_version": "0.1.0",
        "start_time_seconds": "1669063613",
        "python_version": "3.6.5 |Anaconda, Inc.| (default, Mar 29 2018, 13:32:41) [MSC v.1900 64 bit (AMD64)]",
        "command_line_arguments": "D:\\Bojidar\\Software\\Anaconda\\envs\\env\\Scripts\\mlagents-learn config/FlyToGoal2.yaml --run-id=Test2.22",
        "mlagents_version": "0.28.0",
        "mlagents_envs_version": "0.28.0",
        "communication_protocol_version": "1.5.0",
        "pytorch_version": "1.7.1+cu110",
        "numpy_version": "1.19.5",
        "end_time_seconds": "1669071875"
    },
    "total": 8261.9838803,
    "count": 1,
    "self": 0.018643799998244504,
    "children": {
        "run_training.setup": {
            "total": 0.1606181,
            "count": 1,
            "self": 0.1606181
        },
        "TrainerController.start_learning": {
            "total": 8261.804618400001,
            "count": 1,
            "self": 14.31537159997788,
            "children": {
                "TrainerController._reset_env": {
                    "total": 16.816630699999997,
                    "count": 1,
                    "self": 16.816630699999997
                },
                "TrainerController.advance": {
                    "total": 8230.597330800025,
                    "count": 517709,
                    "self": 7.906496600042374,
                    "children": {
                        "env_step": {
                            "total": 8222.690834199982,
                            "count": 517709,
                            "self": 5586.062236700724,
                            "children": {
                                "SubprocessEnvManager._take_step": {
                                    "total": 2629.211163299715,
                                    "count": 517709,
                                    "self": 38.79860029966994,
                                    "children": {
                                        "TorchPolicy.evaluate": {
                                            "total": 2590.412563000045,
                                            "count": 500038,
                                            "self": 647.4278494999958,
                                            "children": {
                                                "TorchPolicy.sample_actions": {
                                                    "total": 1942.984713500049,
                                                    "count": 500038,
                                                    "self": 1942.984713500049
                                                }
                                            }
                                        }
                                    }
                                },
                                "workers": {
                                    "total": 7.417434199544566,
                                    "count": 517709,
                                    "self": 0.0,
                                    "children": {
                                        "worker_root": {
                                            "total": 8229.536661699889,
                                            "count": 517709,
                                            "is_parallel": true,