{
    "name": "root",
    "gauges": {
        "FlyToGoal.Policy.Entropy.mean": {
            "value": 1.2365297079086304,
            "min": 1.2365297079086304,
            "max": 1.2622401714324951,
            "count": 15
        },
        "FlyToGoal.Policy.Entropy.sum": {
            "value": 31200.1171875,
            "min": 30374.548828125,
            "max": 31948.75390625,
            "count": 15
        },
        "FlyToGoal.Step.mean": {
            "value": 3724968.0,
            "min": 3374952.0,
            "max": 3724968.0,
            "count": 15
        },
        "FlyToGoal.Step.sum": {
            "value": 3724968.0,
            "min": 3374952.0,
            "max": 3724968.0,
            "count": 15
        },
        "FlyToGoal.Policy.ExtrinsicValueEstimate.mean": {
            "value": 1375.782470703125,
            "min": 1247.1927490234375,
            "max": 1375.782470703125,
            "count": 15
        },
        "FlyToGoal.Policy.ExtrinsicValueEstimate.sum": {
            "value": 570949.75,
            "min": 479966.3125,
            "max": 570949.75,
            "count": 15
        },
        "FlyToGoal.Environment.EpisodeLength.mean": {
            "value": 479.0,
            "min": 479.0,
            "max": 479.0,
            "count": 15
        },
        "FlyToGoal.Environment.EpisodeLength.sum": {
            "value": 22992.0,
            "min": 22992.0,
            "max": 30656.0,
            "count": 15
        },
        "FlyToGoal.Environment.CumulativeReward.mean": {
            "value": 3624.8360700209937,
            "min": 3268.205739160379,
            "max": 3681.4496245185533,
            "count": 15
        },
        "FlyToGoal.Environment.CumulativeReward.sum": {
            "value": 173992.1313610077,
            "min": 156873.87547969818,
            "max": 230368.46131896973,
            "count": 15
        },
        "FlyToGoal.Policy.ExtrinsicReward.mean": {
            "value": 3624.8360700209937,
            "min": 3268.205739160379,
            "max": 3681.4496245185533,
            "count": 15
        },
        "FlyToGoal.Policy.ExtrinsicReward.sum": {
            "value": 173992.1313610077,
            "min": 156873.87547969818,
            "max": 230368.46131896973,
            "count": 15
        },
        "FlyToGoal.Losses.PolicyLoss.mean": {
            "value": 0.020000724613459572,
            "min": 0.018290688418148255,
            "max": 0.027653502363175382,
            "count": 15
        },
        "FlyToGoal.Losses.PolicyLoss.sum": {
            "value": 0.06000217384037872,
            "min": 0.03658137683629651,
            "max": 0.0734233439914092,
            "count": 15
        },
        "FlyToGoal.Losses.ValueLoss.mean": {
            "value": 21228.896142084912,
            "min": 4783.291058534564,
            "max": 21228.896142084912,
            "count": 15
        },
        "FlyToGoal.Losses.ValueLoss.sum": {
            "value": 63686.68842625474,
            "min": 9566.582117069129,
            "max": 63686.68842625474,
            "count": 15
        },
        "FlyToGoal.Policy.LearningRate.mean": {
            "value": 0.0001607353464215667,
            "min": 0.0001607353464215667,
            "max": 0.00017369854210050003,
            "count": 15
        },
        "FlyToGoal.Policy.LearningRate.sum": {
            "value": 0.0004822060392647001,
            "min": 0.0003235314921561999,
            "max": 0.0005106028297991001,
            "count": 15
        },
        "FlyToGoal.Policy.Epsilon.mean": {
            "value": 0.15357843333333332,
            "min": 0.15357843333333332,
            "max": 0.15789950000000003,
            "count": 15
        },
        "FlyToGoal.Policy.Epsilon.sum": {
            "value": 0.46073529999999996,
            "min": 0.3078438,
            "max": 0.4702009,
            "count": 15
        },
        "FlyToGoal.Policy.Beta.mean": {
            "value": 0.002683563823333334,
            "min": 0.002683563823333334,
            "max": 0.0028991850499999992,
            "count": 15
        },
        "FlyToGoal.Policy.Beta.sum": {
            "value": 0.008050691470000003,
            "min": 0.005401405620000001,
            "max": 0.00852302491,
            "count": 15
        },
        "FlyToGoal.IsTraining.mean": {
            "value": 1.0,
            "min": 1.0,
            "max": 1.0,
            "count": 15
        },
        "FlyToGoal.IsTraining.sum": {
            "value": 1.0,
            "min": 1.0,
            "max": 1.0,
            "count": 15
        }
    },
    "metadata": {
        "timer_format_version": "0.1.0",
        "start_time_seconds": "1669806636",
        "python_version": "3.6.5 |Anaconda, Inc.| (default, Mar 29 2018, 13:32:41) [MSC v.1900 64 bit (AMD64)]",
        "command_line_arguments": "D:\\Bojidar\\Software\\Anaconda\\envs\\env\\Scripts\\mlagents-learn config/FlyToGoal2.yaml --run-id=Test2.41 --resume",
        "mlagents_version": "0.28.0",
        "mlagents_envs_version": "0.28.0",
        "communication_protocol_version": "1.5.0",
        "pytorch_version": "1.7.1+cu110",
        "numpy_version": "1.19.5",
        "end_time_seconds": "1669807701"
    },
    "total": 1064.9813880000002,
    "count": 1,
    "self": 0.0068698000002314075,
    "children": {
        "run_training.setup": {
            "total": 0.243332,
            "count": 1,
            "self": 0.243332
        },
        "TrainerController.start_learning": {
            "total": 1064.7311862,
            "count": 1,
            "self": 0.7239640000123018,
            "children": {
                "TrainerController._reset_env": {
                    "total": 29.8583061,
                    "count": 1,
                    "self": 29.8583061
                },
                "TrainerController.advance": {
                    "total": 1033.9522124999876,
                    "count": 23565,
                    "self": 0.37626329998283836,
                    "children": {
                        "env_step": {
                            "total": 1033.5759492000047,
                            "count": 23565,
                            "self": 690.8881323000132,
                            "children": {
                                "SubprocessEnvManager._take_step": {
                                    "total": 342.3283507999988,
                                    "count": 23565,
                                    "self": 2.0138759999983336,
                                    "children": {
                                        "TorchPolicy.evaluate": {
                                            "total": 340.3144748000005,
                                            "count": 23561,
                                            "self": 91.02409540000622,
                                            "children": {
                                                "TorchPolicy.sample_actions": {
                                                    "total": 249.29037939999426,
                                                    "count": 23561,
                                                    "self": 249.29037939999426
                                                }
                                            }
                                        }
                                    }
                                },
                                "workers": {
                                    "total": 0.3594660999927264,
                                    "count": 23564,
                                    "self": 0.0,
                                    "children": {
                                        "worker_root": {
                                            "total": 1019.4823168999962,
                                            "count": 23564,
                                            "is_parallel": true,
                                            "self": 422.15825159998974,