{
    "name": "root",
    "gauges": {
        "FlyToGoal.Policy.Entropy.mean": {
            "value": 1.0051623582839966,
            "min": 1.0051623582839966,
            "max": 1.429836392402649,
            "count": 400
        },
        "FlyToGoal.Policy.Entropy.sum": {
            "value": 25108.955078125,
            "min": 24668.81640625,
            "max": 36432.23046875,
            "count": 400
        },
        "FlyToGoal.Step.mean": {
            "value": 9999965.0,
            "min": 24992.0,
            "max": 9999965.0,
            "count": 400
        },
        "FlyToGoal.Step.sum": {
            "value": 9999965.0,
            "min": 24992.0,
            "max": 9999965.0,
            "count": 400
        },
        "FlyToGoal.Policy.ExtrinsicValueEstimate.mean": {
            "value": 14752.625,
            "min": -1452.493896484375,
            "max": 17535.2265625,
            "count": 400
        },
        "FlyToGoal.Policy.ExtrinsicValueEstimate.sum": {
            "value": 6181350.0,
            "min": -610266.375,
            "max": 7277119.0,
            "count": 400
        },
        "FlyToGoal.Environment.EpisodeLength.mean": {
            "value": 719.0,
            "min": 640.1578947368421,
            "max": 719.0,
            "count": 400
        },
        "FlyToGoal.Environment.EpisodeLength.sum": {
            "value": 27322.0,
            "min": 21551.0,
            "max": 28828.0,
            "count": 400
        },
        "FlyToGoal.Environment.CumulativeReward.mean": {
            "value": 49954.34050710578,
            "min": -2089949.2225886027,
            "max": 57859.84061347114,
            "count": 400
        },
        "FlyToGoal.Environment.CumulativeReward.sum": {
            "value": 1898264.9392700195,
            "min": -62698476.67765808,
            "max": 2145138.06350708,
            "count": 400
        },
        "FlyToGoal.Policy.ExtrinsicReward.mean": {
            "value": 49954.34050710578,
            "min": -2089949.2225886027,
            "max": 57859.84061347114,
            "count": 400
        },
        "FlyToGoal.Policy.ExtrinsicReward.sum": {
            "value": 1898264.9392700195,
            "min": -62698476.67765808,
            "max": 2145138.06350708,
            "count": 400
        },
        "FlyToGoal.Losses.PolicyLoss.mean": {
            "value": 0.02247454660246149,
            "min": 0.018276792756902676,
            "max": 0.03115548463538289,
            "count": 400
        },
        "FlyToGoal.Losses.PolicyLoss.sum": {
            "value": 0.04494909320492298,
            "min": 0.03655358551380535,
            "max": 0.08734297504027685,
            "count": 400
        },
        "FlyToGoal.Losses.ValueLoss.mean": {
            "value": 161582.22473958333,
            "min": 35107.3072265625,
            "max": 32048043567.54212,
            "count": 400
        },
        "FlyToGoal.Losses.ValueLoss.sum": {
            "value": 323164.44947916665,
            "min": 70214.614453125,
            "max": 64096087135.08424,
            "count": 400
        },
        "FlyToGoal.Policy.LearningRate.mean": {
            "value": 3.4626988460999564e-07,
            "min": 3.4626988460999564e-07,
            "max": 0.00029953200015600003,
            "count": 400
        },
        "FlyToGoal.Policy.LearningRate.sum": {
            "value": 6.925397692199913e-07,
            "min": 6.925397692199913e-07,
            "max": 0.0008943504018832,
            "count": 400
        },
        "FlyToGoal.Policy.Epsilon.mean": {
            "value": 0.10011539,
            "min": 0.10011539,
            "max": 0.19984400000000002,
            "count": 400
        },
        "FlyToGoal.Policy.Epsilon.sum": {
            "value": 0.20023078,
            "min": 0.20023078,
            "max": 0.5981168000000001,
            "count": 400
        },
        "FlyToGoal.Policy.Beta.mean": {
            "value": 1.5757960999999926e-05,
            "min": 1.5757960999999926e-05,
            "max": 0.0049922156,
            "count": 400
        },
        "FlyToGoal.Policy.Beta.sum": {
            "value": 3.151592199999985e-05,
            "min": 3.151592199999985e-05,
            "max": 0.014906028320000004,
            "count": 400
        },
        "FlyToGoal.IsTraining.mean": {
            "value": 1.0,
            "min": 1.0,
            "max": 1.0,
            "count": 400
        },
        "FlyToGoal.IsTraining.sum": {
            "value": 1.0,
            "min": 1.0,
            "max": 1.0,
            "count": 400
        }
    },
    "metadata": {
        "timer_format_version": "0.1.0",
        "start_time_seconds": "1673687683",
        "python_version": "3.6.5 |Anaconda, Inc.| (default, Mar 29 2018, 13:32:41) [MSC v.1900 64 bit (AMD64)]",
        "command_line_arguments": "D:\\Bojidar\\Software\\Anaconda\\envs\\env\\Scripts\\mlagents-learn config/FlyToGoal2.yaml --run-id=Test2.82 --force",
        "mlagents_version": "0.28.0",
        "mlagents_envs_version": "0.28.0",
        "communication_protocol_version": "1.5.0",
        "pytorch_version": "1.7.1+cu110",
        "numpy_version": "1.19.5",
        "end_time_seconds": "1673726876"
    },
    "total": 39192.8434977,
    "count": 1,
    "self": 0.5448722999935853,
    "children": {
        "run_training.setup": {
            "total": 0.13668729999999998,
            "count": 1,
            "self": 0.13668729999999998
        },
        "TrainerController.start_learning": {
            "total": 39192.161938100006,
            "count": 1,
            "self": 34.181340597475355,
            "children": {
                "TrainerController._reset_env": {
                    "total": 30.5945823,
                    "count": 1,
                    "self": 30.5945823
                },
                "TrainerController.advance": {
                    "total": 39125.365576002536,
                    "count": 1009249,
                    "self": 17.285030904407904,
                    "children": {
                        "env_step": {
                            "total": 39108.08054509813,
                            "count": 1009249,
                            "self": 26387.560487696057,
                            "children": {
                                "SubprocessEnvManager._take_step": {
                                    "total": 12703.794469702407,
                                    "count": 1009249,
                                    "self": 99.42920140499518,
                                    "children": {
                                        "TorchPolicy.evaluate": {
                                            "total": 12604.365268297412,
                                            "count": 1000031,
                                            "self": 3826.669490195205,
                                            "children": {
                                                "TorchPolicy.sample_actions": {
                                                    "total": 8777.695778102207,
                                                    "count": 1000031,
                                                    "self": 8777.695778102207
                                                }
                                            }
                                        }
                                    }
                                },
                                "workers": {
                                    "total": 16.725587699665013,
                                    "count": 1009249,
                                    "self": 0.0,
                                    "children": {
                                        "worker_root": {
                                            "total": 39129.41485950036,
                                            "count": 1009249,
                                            "is_parallel": true,