{
    "name": "root",
    "gauges": {
        "FlyToGoal.Policy.Entropy.mean": {
            "value": 0.7572409510612488,
            "min": 0.7572321891784668,
            "max": 1.424141526222229,
            "count": 400
        },
        "FlyToGoal.Policy.Entropy.sum": {
            "value": 18871.201171875,
            "min": 18671.740234375,
            "max": 36026.51171875,
            "count": 400
        },
        "FlyToGoal.Step.mean": {
            "value": 9999952.0,
            "min": 24992.0,
            "max": 9999952.0,
            "count": 400
        },
        "FlyToGoal.Step.sum": {
            "value": 9999952.0,
            "min": 24992.0,
            "max": 9999952.0,
            "count": 400
        },
        "FlyToGoal.Policy.ExtrinsicValueEstimate.mean": {
            "value": 10393.1806640625,
            "min": -412.5489807128906,
            "max": 10619.30859375,
            "count": 400
        },
        "FlyToGoal.Policy.ExtrinsicValueEstimate.sum": {
            "value": 4323563.0,
            "min": -172032.921875,
            "max": 4431579.5,
            "count": 400
        },
        "FlyToGoal.Environment.EpisodeLength.mean": {
            "value": 479.0,
            "min": 421.271186440678,
            "max": 479.0,
            "count": 400
        },
        "FlyToGoal.Environment.EpisodeLength.sum": {
            "value": 24908.0,
            "min": 21555.0,
            "max": 26177.0,
            "count": 400
        },
        "FlyToGoal.Environment.CumulativeReward.mean": {
            "value": 24499.451044669517,
            "min": -2640.6379994710287,
            "max": 26037.306817684534,
            "count": 400
        },
        "FlyToGoal.Environment.CumulativeReward.sum": {
            "value": 1273971.454322815,
            "min": -128407.16105270386,
            "max": 1402897.7391357422,
            "count": 400
        },
        "FlyToGoal.Policy.ExtrinsicReward.mean": {
            "value": 24499.451044669517,
            "min": -2640.6379994710287,
            "max": 26037.306817684534,
            "count": 400
        },
        "FlyToGoal.Policy.ExtrinsicReward.sum": {
            "value": 1273971.454322815,
            "min": -128407.16105270386,
            "max": 1402897.7391357422,
            "count": 400
        },
        "FlyToGoal.Losses.PolicyLoss.mean": {
            "value": 0.024453507053355375,
            "min": 0.017624195520248676,
            "max": 0.030315708109022427,
            "count": 400
        },
        "FlyToGoal.Losses.PolicyLoss.sum": {
            "value": 0.04890701410671075,
            "min": 0.03615790912105391,
            "max": 0.08893296427559108,
            "count": 400
        },
        "FlyToGoal.Losses.ValueLoss.mean": {
            "value": 777841.7906249999,
            "min": 641.8045091417101,
            "max": 1464096.6302083333,
            "count": 400
        },
        "FlyToGoal.Losses.ValueLoss.sum": {
            "value": 1555683.5812499998,
            "min": 1542.6019083658853,
            "max": 2928193.2604166665,
            "count": 400
        },
        "FlyToGoal.Policy.LearningRate.mean": {
            "value": 3.567398811200136e-07,
            "min": 3.567398811200136e-07,
            "max": 0.00029953344015552,
            "count": 400
        },
        "FlyToGoal.Policy.LearningRate.sum": {
            "value": 7.134797622400272e-07,
            "min": 7.134797622400272e-07,
            "max": 0.00089434944188352,
            "count": 400
        },
        "FlyToGoal.Policy.Epsilon.mean": {
            "value": 0.10011888000000004,
            "min": 0.10011888000000004,
            "max": 0.19984448,
            "count": 400
        },
        "FlyToGoal.Policy.Epsilon.sum": {
            "value": 0.20023776000000007,
            "min": 0.20023776000000007,
            "max": 0.5981164800000001,
            "count": 400
        },
        "FlyToGoal.Policy.Beta.mean": {
            "value": 1.5932112000000226e-05,
            "min": 1.5932112000000226e-05,
            "max": 0.004992239551999999,
            "count": 400
        },
        "FlyToGoal.Policy.Beta.sum": {
            "value": 3.186422400000045e-05,
            "min": 3.186422400000045e-05,
            "max": 0.014906012352000004,
            "count": 400
        },
        "FlyToGoal.IsTraining.mean": {
            "value": 1.0,
            "min": 1.0,
            "max": 1.0,
            "count": 400
        },
        "FlyToGoal.IsTraining.sum": {
            "value": 1.0,
            "min": 1.0,
            "max": 1.0,
            "count": 400
        }
    },
    "metadata": {
        "timer_format_version": "0.1.0",
        "start_time_seconds": "1668939963",
        "python_version": "3.6.5 |Anaconda, Inc.| (default, Mar 29 2018, 13:32:41) [MSC v.1900 64 bit (AMD64)]",
        "command_line_arguments": "D:\\Bojidar\\Software\\Anaconda\\envs\\env\\Scripts\\mlagents-learn config/FlyToGoal2.yaml --run-id=Test2.14",
        "mlagents_version": "0.28.0",
        "mlagents_envs_version": "0.28.0",
        "communication_protocol_version": "1.5.0",
        "pytorch_version": "1.7.1+cu110",
        "numpy_version": "1.19.5",
        "end_time_seconds": "1668955556"
    },
    "total": 15592.5640073,
    "count": 1,
    "self": 0.013667099998201593,
    "children": {
        "run_training.setup": {
            "total": 0.1535683,
            "count": 1,
            "self": 0.1535683
        },
        "TrainerController.start_learning": {
            "total": 15592.396771900001,
            "count": 1,
            "self": 34.37571619952905,
            "children": {
                "TrainerController._reset_env": {
                    "total": 28.5345031,
                    "count": 1,
                    "self": 28.5345031
                },
                "TrainerController.advance": {
                    "total": 15529.386928300471,
                    "count": 1129617,
                    "self": 17.815968700651865,
                    "children": {
                        "env_step": {
                            "total": 15511.57095959982,
                            "count": 1129617,
                            "self": 11015.662746699021,
                            "children": {
                                "SubprocessEnvManager._take_step": {
                                    "total": 4479.450004901193,
                                    "count": 1129617,
                                    "self": 82.95231290296397,
                                    "children": {
                                        "TorchPolicy.evaluate": {
                                            "total": 4396.497691998229,
                                            "count": 1111148,
                                            "self": 1255.3300498982326,
                                            "children": {
                                                "TorchPolicy.sample_actions": {
                                                    "total": 3141.1676420999966,
                                                    "count": 1111148,
                                                    "self": 3141.1676420999966
                                                }
                                            }
                                        }
                                    }
                                },
                                "workers": {
                                    "total": 16.45820799960476,
                                    "count": 1129617,
                                    "self": 0.0,
                                    "children": {
                                        "worker_root": {
                                            "total": 15529.877650899829,
                                            "count": 1129617,
                                            "is_parallel": true,