{
    "name": "root",
    "gauges": {
        "FlyToGoal.Policy.Entropy.mean": {
            "value": 1.4689499139785767,
            "min": 1.4674302339553833,
            "max": 1.4690285921096802,
            "count": 27
        },
        "FlyToGoal.Policy.Entropy.sum": {
            "value": 36476.96484375,
            "min": 6174.9462890625,
            "max": 37650.2890625,
            "count": 27
        },
        "FlyToGoal.Environment.EpisodeLength.mean": {
            "value": 1018.6538461538462,
            "min": 81.16666666666667,
            "max": 1137.391304347826,
            "count": 27
        },
        "FlyToGoal.Environment.EpisodeLength.sum": {
            "value": 26485.0,
            "min": 974.0,
            "max": 29035.0,
            "count": 27
        },
        "FlyToGoal.Step.mean": {
            "value": 9999962.0,
            "min": 9349949.0,
            "max": 9999962.0,
            "count": 27
        },
        "FlyToGoal.Step.sum": {
            "value": 9999962.0,
            "min": 9349949.0,
            "max": 9999962.0,
            "count": 27
        },
        "FlyToGoal.Policy.ExtrinsicValueEstimate.mean": {
            "value": 6649.03369140625,
            "min": 4901.88720703125,
            "max": 9591.22265625,
            "count": 27
        },
        "FlyToGoal.Policy.ExtrinsicValueEstimate.sum": {
            "value": 2712805.75,
            "min": 613838.25,
            "max": 3080606.5,
            "count": 27
        },
        "FlyToGoal.Environment.CumulativeReward.mean": {
            "value": 51137.743389496434,
            "min": -22436.88874701659,
            "max": 51137.743389496434,
            "count": 27
        },
        "FlyToGoal.Environment.CumulativeReward.sum": {
            "value": 1329581.3281269073,
            "min": -269242.66496419907,
            "max": 1646170.146329403,
            "count": 27
        },
        "FlyToGoal.Policy.ExtrinsicReward.mean": {
            "value": 51137.743389496434,
            "min": -22436.88874701659,
            "max": 51137.743389496434,
            "count": 27
        },
        "FlyToGoal.Policy.ExtrinsicReward.sum": {
            "value": 1329581.3281269073,
            "min": -269242.66496419907,
            "max": 1646170.146329403,
            "count": 27
        },
        "FlyToGoal.IsTraining.mean": {
            "value": 1.0,
            "min": 1.0,
            "max": 1.0,
            "count": 27
        },
        "FlyToGoal.IsTraining.sum": {
            "value": 1.0,
            "min": 1.0,
            "max": 1.0,
            "count": 27
        },
        "FlyToGoal.Losses.PolicyLoss.mean": {
            "value": 0.02375002788224568,
            "min": 0.02028965645004064,
            "max": 0.02712552983106838,
            "count": 26
        },
        "FlyToGoal.Losses.PolicyLoss.sum": {
            "value": 0.04750005576449136,
            "min": 0.04057931290008128,
            "max": 0.08137658949320514,
            "count": 26
        },
        "FlyToGoal.Losses.ValueLoss.mean": {
            "value": 2409022.3739583334,
            "min": 1989228.3069444445,
            "max": 33911037.26666667,
            "count": 26
        },
        "FlyToGoal.Losses.ValueLoss.sum": {
            "value": 4818044.747916667,
            "min": 4818044.747916667,
            "max": 101733111.80000001,
            "count": 26
        },
        "FlyToGoal.Policy.LearningRate.mean": {
            "value": 3.334448888850015e-07,
            "min": 3.334448888850015e-07,
            "max": 1.914783361741999e-05,
            "count": 26
        },
        "FlyToGoal.Policy.LearningRate.sum": {
            "value": 6.66889777770003e-07,
            "min": 6.66889777770003e-07,
            "max": 5.512732162432002e-05,
            "count": 26
        },
        "FlyToGoal.Policy.Epsilon.mean": {
            "value": 0.10011111500000001,
            "min": 0.10011111500000001,
            "max": 0.10638258,
            "count": 26
        },
        "FlyToGoal.Policy.Epsilon.sum": {
            "value": 0.20022223000000003,
            "min": 0.20022223000000003,
            "max": 0.31837568,
            "count": 26
        },
        "FlyToGoal.Policy.Beta.mean": {
            "value": 1.554463850000003e-05,
            "min": 1.554463850000003e-05,
            "max": 0.00032849074199999993,
            "count": 26
        },
        "FlyToGoal.Policy.Beta.sum": {
            "value": 3.108927700000006e-05,
            "min": 3.108927700000006e-05,
            "max": 0.0009469464320000006,
            "count": 26
        }
    },
    "metadata": {
        "timer_format_version": "0.1.0",
        "start_time_seconds": "1670935108",
        "python_version": "3.6.5 |Anaconda, Inc.| (default, Mar 29 2018, 13:32:41) [MSC v.1900 64 bit (AMD64)]",
        "command_line_arguments": "D:\\Bojidar\\Software\\Anaconda\\envs\\env\\Scripts\\mlagents-learn config/FlyToGoal2.yaml --env=./Builds/Drone navigation RL --time-scale=20 --quality-level=0 --width=1200 --height=960 --run-id=Test2.77 --resume",
        "mlagents_version": "0.28.0",
        "mlagents_envs_version": "0.28.0",
        "communication_protocol_version": "1.5.0",
        "pytorch_version": "1.7.1+cu110",
        "numpy_version": "1.19.5",
        "end_time_seconds": "1670936911"
    },
    "total": 1803.3178813000002,
    "count": 1,
    "self": 1.2473621000003732,
    "children": {
        "run_training.setup": {
            "total": 0.2197167,
            "count": 1,
            "self": 0.2197167
        },
        "TrainerController.start_learning": {
            "total": 1801.8508024999999,
            "count": 1,
            "self": 1.589120999997931,
            "children": {
                "TrainerController._reset_env": {
                    "total": 17.3094563,
                    "count": 1,
                    "self": 17.3094563
                },
                "TrainerController.advance": {
                    "total": 1782.556799200002,
                    "count": 41981,
                    "self": 0.8455489999937527,
                    "children": {
                        "env_step": {
                            "total": 1781.7112502000082,
                            "count": 41981,
                            "self": 1020.5074669000057,
                            "children": {
                                "SubprocessEnvManager._take_step": {
                                    "total": 760.4181039000177,
                                    "count": 41981,
                                    "self": 4.503397399989922,
                                    "children": {
                                        "TorchPolicy.evaluate": {
                                            "total": 755.9147065000278,
                                            "count": 40892,
                                            "self": 208.37110700000528,
                                            "children": {
                                                "TorchPolicy.sample_actions": {
                                                    "total": 547.5435995000225,
                                                    "count": 40892,
                                                    "self": 547.5435995000225
                                                }
                                            }
                                        }
                                    }
                                },
                                "workers": {
                                    "total": 0.7856793999846658,
                                    "count": 41981,
                                    "self": 0.0,
                                    "children": {
                                        "worker_root": {
                                            "total": 1788.3452130999958,
                                            "count": 41981,