{
    "name": "root",
    "gauges": {
        "FlyToGoal.Policy.Entropy.mean": {
            "value": 1.1635454893112183,
            "min": 1.1635454893112183,
            "max": 1.4177237749099731,
            "count": 36
        },
        "FlyToGoal.Policy.Entropy.sum": {
            "value": 29116.5625,
            "min": 29116.5625,
            "max": 35512.5625,
            "count": 36
        },
        "FlyToGoal.Step.mean": {
            "value": 899989.0,
            "min": 24985.0,
            "max": 899989.0,
            "count": 36
        },
        "FlyToGoal.Step.sum": {
            "value": 899989.0,
            "min": 24985.0,
            "max": 899989.0,
            "count": 36
        },
        "FlyToGoal.Policy.ExtrinsicValueEstimate.mean": {
            "value": -8.583818435668945,
            "min": -332.9539489746094,
            "max": -8.583818435668945,
            "count": 36
        },
        "FlyToGoal.Policy.ExtrinsicValueEstimate.sum": {
            "value": -3579.4521484375,
            "min": -140506.5625,
            "max": -3579.4521484375,
            "count": 36
        },
        "FlyToGoal.Environment.EpisodeLength.mean": {
            "value": 479.0,
            "min": 281.46590909090907,
            "max": 479.0,
            "count": 36
        },
        "FlyToGoal.Environment.EpisodeLength.sum": {
            "value": 24908.0,
            "min": 24744.0,
            "max": 25387.0,
            "count": 36
        },
        "FlyToGoal.Environment.CumulativeReward.mean": {
            "value": -5.702446121435899,
            "min": -1963.4124999696558,
            "max": -5.702446121435899,
            "count": 36
        },
        "FlyToGoal.Environment.CumulativeReward.sum": {
            "value": -296.52719831466675,
            "min": -172780.2999973297,
            "max": -296.52719831466675,
            "count": 36
        },
        "FlyToGoal.Policy.ExtrinsicReward.mean": {
            "value": -5.702446121435899,
            "min": -1963.4124999696558,
            "max": -5.702446121435899,
            "count": 36
        },
        "FlyToGoal.Policy.ExtrinsicReward.sum": {
            "value": -296.52719831466675,
            "min": -172780.2999973297,
            "max": -296.52719831466675,
            "count": 36
        },
        "FlyToGoal.Losses.PolicyLoss.mean": {
            "value": 0.024755027626330653,
            "min": 0.020096590173327263,
            "max": 0.029678355397967,
            "count": 36
        },
        "FlyToGoal.Losses.PolicyLoss.sum": {
            "value": 0.049510055252661306,
            "min": 0.04204883490844319,
            "max": 0.07948200159395734,
            "count": 36
        },
        "FlyToGoal.Losses.ValueLoss.mean": {
            "value": 0.6388574068744978,
            "min": 0.6388574068744978,
            "max": 7162.947692871094,
            "count": 36
        },
        "FlyToGoal.Losses.ValueLoss.sum": {
            "value": 1.2777148137489955,
            "min": 1.2777148137489955,
            "max": 14325.895385742188,
            "count": 36
        },
        "FlyToGoal.Policy.LearningRate.mean": {
            "value": 0.00019327815557395998,
            "min": 0.00019327815557395998,
            "max": 0.00029815362061545996,
            "count": 36
        },
        "FlyToGoal.Policy.LearningRate.sum": {
            "value": 0.00038655631114791996,
            "min": 0.00038655631114791996,
            "max": 0.0008778238873920399,
            "count": 36
        },
        "FlyToGoal.Policy.Epsilon.mean": {
            "value": 0.16442604,
            "min": 0.16442604,
            "max": 0.19938454000000003,
            "count": 36
        },
        "FlyToGoal.Policy.Epsilon.sum": {
            "value": 0.32885208,
            "min": 0.32885208,
            "max": 0.5926079600000002,
            "count": 36
        },
        "FlyToGoal.Policy.Beta.mean": {
            "value": 0.003224859396,
            "min": 0.003224859396,
            "max": 0.004969288546,
            "count": 36
        },
        "FlyToGoal.Policy.Beta.sum": {
            "value": 0.006449718792,
            "min": 0.006449718792,
            "max": 0.014631137204000003,
            "count": 36
        },
        "FlyToGoal.IsTraining.mean": {
            "value": 1.0,
            "min": 1.0,
            "max": 1.0,
            "count": 36
        },
        "FlyToGoal.IsTraining.sum": {
            "value": 1.0,
            "min": 1.0,
            "max": 1.0,
            "count": 36
        }
    },
    "metadata": {
        "timer_format_version": "0.1.0",
        "start_time_seconds": "1668705629",
        "python_version": "3.6.5 |Anaconda, Inc.| (default, Mar 29 2018, 13:32:41) [MSC v.1900 64 bit (AMD64)]",
        "command_line_arguments": "D:\\Bojidar\\Software\\Anaconda\\envs\\env\\Scripts\\mlagents-learn config/FlyToGoal.yaml --run-id=Test8 --force",
        "mlagents_version": "0.28.0",
        "mlagents_envs_version": "0.28.0",
        "communication_protocol_version": "1.5.0",
        "pytorch_version": "1.7.1+cu110",
        "numpy_version": "1.19.5",
        "end_time_seconds": "1668720106"
    },
    "total": 14475.9356637,
    "count": 1,
    "self": 0.0060749999993277015,
    "children": {
        "run_training.setup": {
            "total": 0.1489218,
            "count": 1,
            "self": 0.1489218
        },
        "TrainerController.start_learning": {
            "total": 14475.7806669,
            "count": 1,
            "self": 26.769262200088633,
            "children": {
                "TrainerController._reset_env": {
                    "total": 18.081605800000002,
                    "count": 1,
                    "self": 18.081605800000002
                },
                "TrainerController.advance": {
                    "total": 14430.716013899912,
                    "count": 910093,
                    "self": 13.820175600027142,
                    "children": {
                        "env_step": {
                            "total": 14416.895838299884,
                            "count": 910093,
                            "self": 9234.087277498867,
                            "children": {
                                "SubprocessEnvManager._take_step": {
                                    "total": 5169.566610000084,
                                    "count": 910093,
                                    "self": 66.26848609995432,
                                    "children": {
                                        "TorchPolicy.evaluate": {
                                            "total": 5103.29812390013,
                                            "count": 908111,
                                            "self": 2181.025883599243,
                                            "children": {
                                                "TorchPolicy.sample_actions": {
                                                    "total": 2922.272240300887,
                                                    "count": 908111,
                                                    "self": 2922.272240300887
                                                }
                                            }
                                        }
                                    }
                                },
                                "workers": {
                                    "total": 13.241950800933694,
                                    "count": 910092,
                                    "self": 0.0,
                                    "children": {
                                        "worker_root": {
                                            "total": 14410.652823700104,
                                            "count": 910092,
                                            "is_parallel": true,
                                            "self": 6380.6341798003705,