{
    "name": "root",
    "gauges": {
        "FlyToGoal.Policy.Entropy.mean": {
            "value": 1.3949174880981445,
            "min": 1.3500381708145142,
            "max": 1.4390982389450073,
            "count": 320
        },
        "FlyToGoal.Policy.Entropy.sum": {
            "value": 34942.68359375,
            "min": 32709.76171875,
            "max": 37039.69921875,
            "count": 320
        },
        "FlyToGoal.Step.mean": {
            "value": 7999993.0,
            "min": 24976.0,
            "max": 7999993.0,
            "count": 320
        },
        "FlyToGoal.Step.sum": {
            "value": 7999993.0,
            "min": 24976.0,
            "max": 7999993.0,
            "count": 320
        },
        "FlyToGoal.Policy.ExtrinsicValueEstimate.mean": {
            "value": 24502.69921875,
            "min": -259.22161865234375,
            "max": 25734.115234375,
            "count": 320
        },
        "FlyToGoal.Policy.ExtrinsicValueEstimate.sum": {
            "value": 10364642.0,
            "min": -110687.625,
            "max": 10778146.0,
            "count": 320
        },
        "FlyToGoal.Environment.EpisodeLength.mean": {
            "value": 508.81632653061223,
            "min": 101.74261603375527,
            "max": 599.0,
            "count": 320
        },
        "FlyToGoal.Environment.EpisodeLength.sum": {
            "value": 24932.0,
            "min": 17970.0,
            "max": 28179.0,
            "count": 320
        },
        "FlyToGoal.Environment.CumulativeReward.mean": {
            "value": 62947.241569304955,
            "min": -16178.949659283955,
            "max": 74167.26546043574,
            "count": 320
        },
        "FlyToGoal.Environment.CumulativeReward.sum": {
            "value": 3084414.8368959427,
            "min": -485368.4897785187,
            "max": 3487217.8781642914,
            "count": 320
        },
        "FlyToGoal.Policy.ExtrinsicReward.mean": {
            "value": 62947.241569304955,
            "min": -16178.949659283955,
            "max": 74167.26546043574,
            "count": 320
        },
        "FlyToGoal.Policy.ExtrinsicReward.sum": {
            "value": 3084414.8368959427,
            "min": -485368.4897785187,
            "max": 3487217.8781642914,
            "count": 320
        },
        "FlyToGoal.Losses.PolicyLoss.mean": {
            "value": 0.02574308403612425,
            "min": 0.01871693910410007,
            "max": 0.03707710453309119,
            "count": 320
        },
        "FlyToGoal.Losses.PolicyLoss.sum": {
            "value": 0.0514861680722485,
            "min": 0.03743387820820014,
            "max": 0.0849068220316743,
            "count": 320
        },
        "FlyToGoal.Losses.ValueLoss.mean": {
            "value": 1603634.9312500001,
            "min": 4133.800158691406,
            "max": 3275426.8708333336,
            "count": 320
        },
        "FlyToGoal.Losses.ValueLoss.sum": {
            "value": 3207269.8625000003,
            "min": 8267.600317382812,
            "max": 9369218.654166665,
            "count": 320
        },
        "FlyToGoal.Policy.LearningRate.mean": {
            "value": 4.476998507999981e-07,
            "min": 4.476998507999981e-07,
            "max": 0.00029938575020475,
            "count": 320
        },
        "FlyToGoal.Policy.LearningRate.sum": {
            "value": 8.953997015999962e-07,
            "min": 8.953997015999962e-07,
            "max": 0.000892744277418575,
            "count": 320
        },
        "FlyToGoal.Policy.Epsilon.mean": {
            "value": 0.1001492,
            "min": 0.1001492,
            "max": 0.1997952500000001,
            "count": 320
        },
        "FlyToGoal.Policy.Epsilon.sum": {
            "value": 0.2002984,
            "min": 0.2002984,
            "max": 0.597581425,
            "count": 320
        },
        "FlyToGoal.Policy.Beta.mean": {
            "value": 1.7445079999999965e-05,
            "min": 1.7445079999999965e-05,
            "max": 0.004989782975000001,
            "count": 320
        },
        "FlyToGoal.Policy.Beta.sum": {
            "value": 3.489015999999993e-05,
            "min": 3.489015999999993e-05,
            "max": 0.014879313107500004,
            "count": 320
        },
        "FlyToGoal.IsTraining.mean": {
            "value": 1.0,
            "min": 1.0,
            "max": 1.0,
            "count": 320
        },
        "FlyToGoal.IsTraining.sum": {
            "value": 1.0,
            "min": 1.0,
            "max": 1.0,
            "count": 320
        }
    },
    "metadata": {
        "timer_format_version": "0.1.0",
        "start_time_seconds": "1670161240",
        "python_version": "3.6.5 |Anaconda, Inc.| (default, Mar 29 2018, 13:32:41) [MSC v.1900 64 bit (AMD64)]",
        "command_line_arguments": "D:\\Bojidar\\Software\\Anaconda\\envs\\env\\Scripts\\mlagents-learn config/FlyToGoal2.yaml --run-id=Test2.55 --env=./Builds/Drone navigation RL --time-scale=20 --quality-level=0 --width=720 --height=640",
        "mlagents_version": "0.28.0",
        "mlagents_envs_version": "0.28.0",
        "communication_protocol_version": "1.5.0",
        "pytorch_version": "1.7.1+cu110",
        "numpy_version": "1.19.5",
        "end_time_seconds": "1670182922"
    },
    "total": 21681.6288229,
    "count": 1,
    "self": 2.2336251999986416,
    "children": {
        "run_training.setup": {
            "total": 0.22017640000000002,
            "count": 1,
            "self": 0.22017640000000002
        },
        "TrainerController.start_learning": {
            "total": 21679.1750213,
            "count": 1,
            "self": 19.53785200128914,
            "children": {
                "TrainerController._reset_env": {
                    "total": 12.7672744,
                    "count": 1,
                    "self": 12.7672744
                },
                "TrainerController.advance": {
                    "total": 21646.61338289871,
                    "count": 557759,
                    "self": 9.951384799056541,
                    "children": {
                        "env_step": {
                            "total": 21636.661998099655,
                            "count": 557759,
                            "self": 12929.354971400264,
                            "children": {
                                "SubprocessEnvManager._take_step": {
                                    "total": 8697.748650699627,
                                    "count": 557759,
                                    "self": 51.64996770060134,
                                    "children": {
                                        "TorchPolicy.evaluate": {
                                            "total": 8646.098682999025,
                                            "count": 533376,
                                            "self": 2458.613232199902,
                                            "children": {
                                                "TorchPolicy.sample_actions": {
                                                    "total": 6187.485450799123,
                                                    "count": 533376,
                                                    "self": 6187.485450799123
                                                }
                                            }
                                        }
                                    }
                                },
                                "workers": {
                                    "total": 9.558375999764197,
                                    "count": 557759,
                                    "self": 0.0,
                                    "children": {
                                        "worker_root": {
                                            "total": 21646.38183090053,
                                            "count": 557759,